type,status,departure.iataCode,departure.icaoCode,departure.gate,departure.delay,departure.scheduledTime,departure.estimatedTime,departure.actualTime,departure.estimatedRunway,departure.actualRunway,arrival.iataCode,arrival.icaoCode,arrival.baggage,arrival.gate,arrival.scheduledTime,arrival.estimatedTime,airline.name,airline.iataCode,airline.icaoCode,flight.number,flight.iataNumber,flight.icaoNumber,arrival.terminal,arrival.actualTime,arrival.estimatedRunway,arrival.actualRunway,arrival.delay
departure,active,sou,eghi,2,16.0,2022-01-02t17:20:00.000,2022-01-02t17:20:00.000,2022-01-02t17:36:00.000,2022-01-02t17:36:00.000,2022-01-02t17:36:00.000,ams,eham,9,a08,2022-01-02t19:35:00.000,2022-01-02t19:20:00.000,klm,kl,klm,920,kl920,klm920,,,,,
departure,active,sou,eghi,8a,,2022-01-03t17:20:00.000,2022-01-03t17:20:00.000,,,,ams,eham,11,d29,2022-01-03t19:35:00.000,,klm,kl,klm,920,kl920,klm920,2,,,,
departure,active,sou,eghi,8a,10.0,2022-01-04t17:20:00.000,2022-01-04t17:20:00.000,2022-01-04t17:30:00.000,2022-01-04t17:30:00.000,2022-01-04t17:30:00.000,ams,eham,8,a08,2022-01-04t19:35:00.000,2022-01-04t19:18:00.000,klm,kl,klm,920,kl920,klm920,,,,,
departure,active,sou,eghi,8a,,2022-01-05t17:20:00.000,2022-01-05t17:20:00.000,,,,ams,eham,8,a08,2022-01-05t19:35:00.000,,klm,kl,klm,920,kl920,klm920,,,,,
departure,active,sou,eghi,8,3.0,2022-01-06t17:20:00.000,2022-01-06t17:20:00.000,2022-01-06t17:22:00.000,2022-01-06t17:22:00.000,2022-01-06t17:22:00.000,ams,eham,11,d28,2022-01-06t19:35:00.000,2022-01-06t19:09:00.000,klm,kl,klm,920,kl920,klm920,,,,,
departure,active,sou,eghi,8,4.0,2022-01-07t17:20:00.000,2022-01-07t17:23:00.000,2022-01-07t17:23:00.000,2022-01-07t17:23:00.000,2022-01-07t17:23:00.000,ams,eham,11,d24,2022-01-07t19:35:00.000,2022-01-07t19:11:00.000,klm,kl,klm,920,kl920,klm920,2,,,,
departure,active,sou,eghi,8a,,2022-01-09t17:20:00.000,2022-01-09t17:20:00.000,2022-01-09t17:16:00.000,2022-01-09t17:16:00.000,2022-01-09t17:16:00.000,ams,eham,10,d24,2022-01-09t19:35:00.000,,klm,kl,klm,920,kl920,klm920,2,2022-01-09t19:07:00.000,2022-01-09t19:07:00.000,2022-01-09t19:07:00.000,
departure,cancelled,sou,eghi,,,2022-01-10t17:20:00.000,,,,,ams,eham,,a08,2022-01-10t19:35:00.000,,klm,kl,klm,920,kl920,klm920,,,,,
departure,active,sou,eghi,8a,,2022-01-13t17:20:00.000,2022-01-13t17:20:00.000,2022-01-13t17:19:00.000,2022-01-13t17:19:00.000,2022-01-13t17:19:00.000,ams,eham,12,a08,2022-01-13t19:35:00.000,2022-01-13t19:10:00.000,klm,kl,klm,920,kl920,klm920,,,,,
departure,active,sou,eghi,8a,5.0,2022-01-14t17:20:00.000,2022-01-14t17:20:00.000,2022-01-14t17:25:00.000,2022-01-14t17:25:00.000,2022-01-14t17:25:00.000,ams,eham,8,d27,2022-01-14t19:35:00.000,2022-01-14t19:16:00.000,klm,kl,klm,920,kl920,klm920,,,,,
departure,active,sou,eghi,8a,18.0,2022-01-16t17:20:00.000,2022-01-16t17:20:00.000,2022-01-16t17:37:00.000,2022-01-16t17:37:00.000,2022-01-16t17:37:00.000,ams,eham,9,d25,2022-01-16t19:35:00.000,2022-01-16t19:25:00.000,klm,kl,klm,920,kl920,klm920,2,,,,
departure,active,sou,eghi,8a,11.0,2022-01-17t17:20:00.000,2022-01-17t17:20:00.000,2022-01-17t17:31:00.000,2022-01-17t17:31:00.000,2022-01-17t17:31:00.000,ams,eham,8,a08,2022-01-17t19:35:00.000,2022-01-17t19:17:00.000,klm,kl,klm,920,kl920,klm920,,,,,
departure,active,sou,eghi,8a,2.0,2022-01-20t17:20:00.000,2022-01-20t17:20:00.000,2022-01-20t17:22:00.000,2022-01-20t17:22:00.000,2022-01-20t17:22:00.000,ams,eham,10,d22,2022-01-20t19:35:00.000,2022-01-20t19:15:00.000,klm,kl,klm,920,kl920,klm920,2,,,,
departure,active,sou,eghi,8a,20.0,2022-01-21t17:20:00.000,2022-01-21t17:20:00.000,2022-01-21t17:39:00.000,2022-01-21t17:39:00.000,2022-01-21t17:39:00.000,ams,eham,9,d28,2022-01-21t19:35:00.000,2022-01-21t19:31:00.000,klm,kl,klm,920,kl920,klm920,2,,,,
departure,active,sou,eghi,8,,2022-01-23t17:20:00.000,2022-01-23t17:14:00.000,2022-01-23t17:15:00.000,2022-01-23t17:15:00.000,2022-01-23t17:15:00.000,ams,eham,11,d18,2022-01-23t19:35:00.000,2022-01-23t19:06:00.000,klm,kl,klm,920,kl920,klm920,2,2022-01-23t19:09:00.000,2022-01-23t19:09:00.000,2022-01-23t19:09:00.000,
departure,active,sou,eghi,8a,1.0,2022-01-24t17:20:00.000,2022-01-24t17:20:00.000,2022-01-24t17:20:00.000,2022-01-24t17:20:00.000,2022-01-24t17:20:00.000,ams,eham,9,a08,2022-01-24t19:35:00.000,2022-01-24t19:10:00.000,klm,kl,klm,920,kl920,klm920,,,,,
departure,active,sou,eghi,8,4.0,2022-01-28t17:20:00.000,2022-01-28t17:22:00.000,2022-01-28t17:23:00.000,2022-01-28t17:23:00.000,2022-01-28t17:23:00.000,ams,eham,10,d27,2022-01-28t19:35:00.000,2022-01-28t19:18:00.000,klm,kl,klm,920,kl920,klm920,2,,,,
departure,active,sou,eghi,8,14.0,2022-01-30t17:20:00.000,2022-01-30t17:33:00.000,2022-01-30t17:34:00.000,2022-01-30t17:34:00.000,2022-01-30t17:34:00.000,ams,eham,11,d16,2022-01-30t19:35:00.000,2022-01-30t19:25:00.000,klm,kl,klm,920,kl920,klm920,2,,,,
departure,active,sou,eghi,8a,51.0,2022-01-31t17:20:00.000,2022-01-31t17:55:00.000,2022-01-31t18:10:00.000,2022-01-31t18:10:00.000,2022-01-31t18:10:00.000,ams,eham,9,d22,2022-01-31t19:35:00.000,2022-01-31t20:03:00.000,klm,kl,klm,920,kl920,klm920,2,,,,28.0
departure,active,sou,eghi,8,5.0,2022-02-04t17:20:00.000,2022-02-04t17:25:00.000,,,,ams,eham,13,a08,2022-02-04t19:35:00.000,,klm,kl,klm,920,kl920,klm920,,,,,
departure,active,sou,eghi,8,22.0,2022-02-06t17:20:00.000,2022-02-06t17:20:00.000,2022-02-06t17:41:00.000,2022-02-06t17:41:00.000,2022-02-06t17:41:00.000,ams,eham,8,a08,2022-02-06t19:35:00.000,2022-02-06t19:29:00.000,klm,kl,klm,920,kl920,klm920,,,,,
departure,active,sou,eghi,8a,1.0,2022-02-07t17:20:00.000,2022-02-07t17:20:00.000,2022-02-07t17:20:00.000,2022-02-07t17:20:00.000,2022-02-07t17:20:00.000,ams,eham,8,a08,2022-02-07t19:35:00.000,2022-02-07t19:07:00.000,klm,kl,klm,920,kl920,klm920,,,,,
departure,active,sou,eghi,8,8.0,2022-02-11t17:20:00.000,2022-02-11t17:20:00.000,2022-02-11t17:28:00.000,2022-02-11t17:28:00.000,2022-02-11t17:28:00.000,ams,eham,13,a08,2022-02-11t19:35:00.000,2022-02-11t19:18:00.000,klm,kl,klm,920,kl920,klm920,,,,,
departure,active,sou,eghi,8,5.0,2022-02-13t17:20:00.000,2022-02-13t17:25:00.000,2022-02-13t17:25:00.000,2022-02-13t17:25:00.000,2022-02-13t17:25:00.000,ams,eham,13,a08,2022-02-13t19:35:00.000,2022-02-13t19:10:00.000,klm,kl,klm,920,kl920,klm920,,2022-02-13t19:15:00.000,2022-02-13t19:15:00.000,2022-02-13t19:15:00.000,
departure,active,sou,eghi,8a,2.0,2022-02-14t17:20:00.000,2022-02-14t17:20:00.000,2022-02-14t17:22:00.000,2022-02-14t17:22:00.000,2022-02-14t17:22:00.000,ams,eham,13,a08,2022-02-14t19:35:00.000,2022-02-14t19:08:00.000,klm,kl,klm,920,kl920,klm920,,,,,
departure,cancelled,sou,eghi,,,2022-02-18t17:20:00.000,,,,,ams,eham,,,2022-02-18t19:35:00.000,,klm,kl,klm,920,kl920,klm920,,,,,
departure,cancelled,sou,eghi,,,2022-02-20t17:20:00.000,2022-02-20t17:20:00.000,,,,ams,eham,,a08,2022-02-20t19:35:00.000,,klm,kl,klm,920,kl920,klm920,,,,,
departure,active,sou,eghi,8,22.0,2022-02-21t17:20:00.000,2022-02-21t17:20:00.000,2022-02-21t17:42:00.000,2022-02-21t17:42:00.000,2022-02-21t17:42:00.000,ams,eham,10,d31,2022-02-21t19:35:00.000,2022-02-21t19:34:00.000,klm,kl,klm,920,kl920,klm920,,,,,
departure,active,sou,eghi,8,39.0,2022-02-24t17:20:00.000,2022-02-24t17:35:00.000,2022-02-24t17:58:00.000,2022-02-24t17:58:00.000,2022-02-24t17:58:00.000,ams,eham,9,d29,2022-02-24t19:40:00.000,2022-02-24t19:48:00.000,klm,kl,klm,920,kl920,klm920,2,,,,9.0
departure,active,sou,eghi,8a,10.0,2022-02-25t17:20:00.000,2022-02-25t17:20:00.000,2022-02-25t17:30:00.000,2022-02-25t17:30:00.000,2022-02-25t17:30:00.000,ams,eham,9,a08,2022-02-25t19:35:00.000,2022-02-25t19:22:00.000,klm,kl,klm,920,kl920,klm920,,,,,
departure,active,sou,eghi,8,33.0,2022-02-27t17:20:00.000,2022-02-27t17:20:00.000,2022-02-27t17:53:00.000,2022-02-27t17:53:00.000,2022-02-27t17:53:00.000,ams,eham,9,d28,2022-02-27t19:35:00.000,,klm,kl,klm,920,kl920,klm920,2,,,,
departure,active,sou,eghi,8,19.0,2022-02-28t17:20:00.000,2022-02-28t17:20:00.000,2022-02-28t17:39:00.000,2022-02-28t17:39:00.000,2022-02-28t17:39:00.000,ams,eham,9,d27,2022-02-28t19:35:00.000,2022-02-28t19:24:00.000,klm,kl,klm,920,kl920,klm920,2,,,,
departure,active,sou,eghi,8a,16.0,2022-03-03t17:20:00.000,2022-03-03t17:36:00.000,2022-03-03t17:36:00.000,2022-03-03t17:36:00.000,2022-03-03t17:36:00.000,ams,eham,13,a08,2022-03-03t19:40:00.000,2022-03-03t19:24:00.000,klm,kl,klm,920,kl920,klm920,,,,,
departure,active,sou,eghi,8a,16.0,2022-03-04t17:20:00.000,2022-03-04t17:20:00.000,2022-03-04t17:36:00.000,2022-03-04t17:36:00.000,2022-03-04t17:36:00.000,ams,eham,13,a08,2022-03-04t19:35:00.000,2022-03-04t19:25:00.000,klm,kl,klm,920,kl920,klm920,,,,,
departure,active,sou,eghi,4,19.0,2022-03-06t17:20:00.000,2022-03-06t17:20:00.000,2022-03-06t17:39:00.000,2022-03-06t17:39:00.000,2022-03-06t17:39:00.000,ams,eham,11,d25,2022-03-06t19:35:00.000,2022-03-06t19:30:00.000,klm,kl,klm,920,kl920,klm920,2,,,,
departure,active,sou,eghi,8,3.0,2022-03-07t17:20:00.000,2022-03-07t17:22:00.000,2022-03-07t17:22:00.000,2022-03-07t17:22:00.000,2022-03-07t17:22:00.000,ams,eham,8,a08,2022-03-07t19:35:00.000,2022-03-07t19:12:00.000,klm,kl,klm,920,kl920,klm920,,,,,
departure,active,sou,eghi,8a,2.0,2022-03-10t17:20:00.000,2022-03-10t17:20:00.000,2022-03-10t17:21:00.000,2022-03-10t17:21:00.000,2022-03-10t17:21:00.000,ams,eham,9,d28,2022-03-10t19:40:00.000,2022-03-10t19:12:00.000,klm,kl,klm,920,kl920,klm920,2,,,,
departure,active,sou,eghi,8,5.0,2022-03-11t17:20:00.000,2022-03-11t17:20:00.000,2022-03-11t17:25:00.000,2022-03-11t17:25:00.000,2022-03-11t17:25:00.000,ams,eham,9,a08,2022-03-11t19:35:00.000,2022-03-11t19:16:00.000,klm,kl,klm,920,kl920,klm920,,,,,
departure,active,sou,eghi,8,23.0,2022-03-13t17:20:00.000,2022-03-13t17:35:00.000,2022-03-13t17:42:00.000,2022-03-13t17:42:00.000,2022-03-13t17:42:00.000,ams,eham,13,a08,2022-03-13t19:35:00.000,2022-03-13t19:33:00.000,klm,kl,klm,920,kl920,klm920,,,,,
departure,active,sou,eghi,8,14.0,2022-03-14t17:20:00.000,2022-03-14t17:20:00.000,2022-03-14t17:34:00.000,2022-03-14t17:34:00.000,2022-03-14t17:34:00.000,ams,eham,11,d28,2022-03-14t19:35:00.000,2022-03-14t19:21:00.000,klm,kl,klm,920,kl920,klm920,2,,,,
departure,active,sou,eghi,8,8.0,2022-03-17t17:20:00.000,2022-03-17t17:25:00.000,2022-03-17t17:27:00.000,2022-03-17t17:27:00.000,2022-03-17t17:27:00.000,ams,eham,9,d25,2022-03-17t19:40:00.000,2022-03-17t19:19:00.000,klm,kl,klm,920,kl920,klm920,,2022-03-17t19:18:00.000,2022-03-17t19:18:00.000,2022-03-17t19:18:00.000,
departure,active,sou,eghi,8,33.0,2022-03-18t17:20:00.000,2022-03-18t17:35:00.000,2022-03-18t17:53:00.000,2022-03-18t17:53:00.000,2022-03-18t17:53:00.000,ams,eham,11,d23,2022-03-18t19:35:00.000,2022-03-18t19:44:00.000,klm,kl,klm,920,kl920,klm920,2,,,,9.0
departure,active,sou,eghi,8,18.0,2022-03-20t17:20:00.000,2022-03-20t17:20:00.000,2022-03-20t17:38:00.000,2022-03-20t17:38:00.000,2022-03-20t17:38:00.000,ams,eham,9,a08,2022-03-20t19:35:00.000,2022-03-20t19:28:00.000,klm,kl,klm,920,kl920,klm920,,,,,
departure,active,sou,eghi,8a,5.0,2022-03-21t17:20:00.000,2022-03-21t17:20:00.000,2022-03-21t17:24:00.000,2022-03-21t17:24:00.000,2022-03-21t17:24:00.000,ams,eham,13,a08,2022-03-21t19:35:00.000,2022-03-21t19:07:00.000,klm,kl,klm,920,kl920,klm920,,2022-03-21t19:09:00.000,2022-03-21t19:09:00.000,2022-03-21t19:09:00.000,
departure,active,sou,eghi,8,9.0,2022-03-24t17:20:00.000,2022-03-24t17:20:00.000,2022-03-24t17:28:00.000,2022-03-24t17:28:00.000,2022-03-24t17:28:00.000,ams,eham,13,a08,2022-03-24t19:40:00.000,2022-03-24t19:14:00.000,klm,kl,klm,920,kl920,klm920,2,,,,
departure,active,sou,eghi,8,19.0,2022-03-25t17:20:00.000,2022-03-25t17:20:00.000,2022-03-25t17:39:00.000,2022-03-25t17:39:00.000,2022-03-25t17:39:00.000,ams,eham,13,a08,2022-03-25t19:35:00.000,2022-03-25t19:30:00.000,klm,kl,klm,920,kl920,klm920,2,,,,
departure,active,sou,eghi,8,41.0,2022-03-27t17:20:00.000,2022-03-27t17:35:00.000,2022-03-27t18:00:00.000,2022-03-27t18:00:00.000,2022-03-27t18:00:00.000,ams,eham,13,a08,2022-03-27t19:35:00.000,2022-03-27t19:50:00.000,klm,kl,klm,920,kl920,klm920,2,,,,16.0
departure,active,sou,eghi,8,15.0,2022-03-28t17:20:00.000,2022-03-28t17:20:00.000,2022-03-28t17:35:00.000,2022-03-28t17:35:00.000,2022-03-28t17:35:00.000,ams,eham,9,d25,2022-03-28t19:35:00.000,2022-03-28t19:20:00.000,klm,kl,klm,920,kl920,klm920,2,,,,
departure,active,sou,eghi,8,7.0,2022-03-29t17:20:00.000,2022-03-29t17:20:00.000,2022-03-29t17:26:00.000,2022-03-29t17:26:00.000,2022-03-29t17:26:00.000,ams,eham,12,d18,2022-03-29t19:35:00.000,2022-03-29t19:16:00.000,klm,kl,klm,920,kl920,klm920,2,,,,
departure,active,sou,eghi,8,10.0,2022-03-30t17:20:00.000,2022-03-30t17:20:00.000,2022-03-30t17:30:00.000,2022-03-30t17:30:00.000,2022-03-30t17:30:00.000,ams,eham,9,a08,2022-03-30t19:35:00.000,2022-03-30t19:18:00.000,klm,kl,klm,920,kl920,klm920,2,,,,
departure,active,sou,eghi,8,32.0,2022-03-31t17:20:00.000,2022-03-31t17:30:00.000,2022-03-31t17:51:00.000,2022-03-31t17:51:00.000,2022-03-31t17:51:00.000,ams,eham,10,d22,2022-03-31t19:35:00.000,2022-03-31t19:42:00.000,klm,kl,klm,920,kl920,klm920,2,,,,7.0
departure,active,sou,eghi,8,40.0,2022-04-01t17:20:00.000,2022-04-01t17:30:00.000,2022-04-01t18:00:00.000,2022-04-01t18:00:00.000,2022-04-01t18:00:00.000,ams,eham,13,a08,2022-04-01t19:35:00.000,2022-04-01t19:50:00.000,klm,kl,klm,920,kl920,klm920,2,,,,16.0
departure,active,sou,eghi,8,10.0,2022-04-02t17:20:00.000,2022-04-02t17:20:00.000,2022-04-02t17:30:00.000,2022-04-02t17:30:00.000,2022-04-02t17:30:00.000,ams,eham,9,d22,2022-04-02t19:35:00.000,2022-04-02t19:19:00.000,klm,kl,klm,920,kl920,klm920,2,,,,
departure,active,sou,eghi,8a,19.0,2022-04-03t17:20:00.000,2022-04-03t17:20:00.000,2022-04-03t17:38:00.000,2022-04-03t17:38:00.000,2022-04-03t17:38:00.000,ams,eham,11,d23,2022-04-03t19:35:00.000,2022-04-03t19:32:00.000,klm,kl,klm,920,kl920,klm920,2,,,,
departure,active,sou,eghi,8,17.0,2022-04-04t17:20:00.000,2022-04-04t17:20:00.000,2022-04-04t17:37:00.000,2022-04-04t17:37:00.000,2022-04-04t17:37:00.000,ams,eham,13,a08,2022-04-04t19:35:00.000,2022-04-04t19:29:00.000,klm,kl,klm,920,kl920,klm920,,,,,
departure,active,sou,eghi,8,10.0,2022-04-05t17:20:00.000,2022-04-05t17:30:00.000,2022-04-05t17:30:00.000,2022-04-05t17:30:00.000,2022-04-05t17:30:00.000,ams,eham,9,a08,2022-04-05t19:35:00.000,2022-04-05t19:20:00.000,klm,kl,klm,920,kl920,klm920,2,,,,
departure,active,sou,eghi,8a,44.0,2022-04-06t17:20:00.000,2022-04-06t17:35:00.000,2022-04-06t18:04:00.000,2022-04-06t18:04:00.000,2022-04-06t18:04:00.000,ams,eham,11,a08,2022-04-06t19:35:00.000,2022-04-06t19:52:00.000,klm,kl,klm,920,kl920,klm920,,,,,17.0
departure,active,sou,eghi,,90.0,2022-04-07t17:20:00.000,2022-04-07t18:50:00.000,,,,ams,eham,13,a08,2022-04-07t19:35:00.000,,klm,kl,klm,920,kl920,klm920,2,,,,
departure,active,sou,eghi,8,30.0,2022-04-08t17:20:00.000,2022-04-08t17:50:00.000,,,,ams,eham,11,a08,2022-04-08t19:35:00.000,,klm,kl,klm,920,kl920,klm920,2,,,,
departure,active,sou,eghi,8a,18.0,2022-04-09t17:20:00.000,2022-04-09t17:30:00.000,2022-04-09t17:38:00.000,2022-04-09t17:38:00.000,2022-04-09t17:38:00.000,ams,eham,10,a08,2022-04-09t19:35:00.000,2022-04-09t19:27:00.000,klm,kl,klm,920,kl920,klm920,2,,,,
departure,active,sou,eghi,8,27.0,2022-04-10t17:20:00.000,2022-04-10t17:20:00.000,2022-04-10t17:46:00.000,2022-04-10t17:46:00.000,2022-04-10t17:46:00.000,ams,eham,12,a08,2022-04-10t19:35:00.000,2022-04-10t19:25:00.000,klm,kl,klm,920,kl920,klm920,2,,,,
departure,active,sou,eghi,8,19.0,2022-04-11t17:20:00.000,2022-04-11t17:20:00.000,2022-04-11t17:39:00.000,2022-04-11t17:39:00.000,2022-04-11t17:39:00.000,ams,eham,9,a08,2022-04-11t19:35:00.000,2022-04-11t19:22:00.000,klm,kl,klm,920,kl920,klm920,2,,,,
departure,active,sou,eghi,8,,2022-04-12t17:20:00.000,2022-04-12t17:20:00.000,2022-04-12t17:19:00.000,2022-04-12t17:19:00.000,2022-04-12t17:19:00.000,ams,eham,13,a08,2022-04-12t19:35:00.000,2022-04-12t19:06:00.000,klm,kl,klm,920,kl920,klm920,2,,,,
departure,active,sou,eghi,8,12.0,2022-04-13t17:20:00.000,2022-04-13t17:20:00.000,2022-04-13t17:31:00.000,2022-04-13t17:31:00.000,2022-04-13t17:31:00.000,ams,eham,11,d04,2022-04-13t19:35:00.000,2022-04-13t19:22:00.000,klm,kl,klm,920,kl920,klm920,2,,,,
departure,active,sou,eghi,8,13.0,2022-04-14t17:20:00.000,2022-04-14t17:20:00.000,2022-04-14t17:32:00.000,2022-04-14t17:32:00.000,2022-04-14t17:32:00.000,ams,eham,12,d31,2022-04-14t19:35:00.000,2022-04-14t19:23:00.000,klm,kl,klm,920,kl920,klm920,2,,,,
departure,active,sou,eghi,8,8.0,2022-04-15t17:20:00.000,2022-04-15t17:28:00.000,2022-04-15t17:28:00.000,2022-04-15t17:28:00.000,2022-04-15t17:28:00.000,ams,eham,12,a08,2022-04-15t19:35:00.000,2022-04-15t19:18:00.000,klm,kl,klm,920,kl920,klm920,2,,,,
departure,active,sou,eghi,8,3.0,2022-04-16t17:20:00.000,2022-04-16t17:20:00.000,2022-04-16t17:23:00.000,2022-04-16t17:23:00.000,2022-04-16t17:23:00.000,ams,eham,12,d29,2022-04-16t19:35:00.000,2022-04-16t19:14:00.000,klm,kl,klm,920,kl920,klm920,2,,,,
departure,active,sou,eghi,8,10.0,2022-04-17t17:20:00.000,2022-04-17t17:20:00.000,2022-04-17t17:29:00.000,2022-04-17t17:29:00.000,2022-04-17t17:29:00.000,ams,eham,12,a08,2022-04-17t19:35:00.000,2022-04-17t19:15:00.000,klm,kl,klm,920,kl920,klm920,2,,,,
departure,active,sou,eghi,8,16.0,2022-04-18t17:20:00.000,2022-04-18t17:20:00.000,2022-04-18t17:36:00.000,2022-04-18t17:36:00.000,2022-04-18t17:36:00.000,ams,eham,10,a08,2022-04-18t19:35:00.000,2022-04-18t19:24:00.000,klm,kl,klm,920,kl920,klm920,2,,,,
departure,active,sou,eghi,8,15.0,2022-04-20t17:20:00.000,2022-04-20t17:35:00.000,,,,ams,eham,11,a08,2022-04-20t19:35:00.000,,klm,kl,klm,920,kl920,klm920,2,,,,
departure,active,sou,eghi,7,20.0,2022-04-21t17:20:00.000,2022-04-21t17:27:00.000,2022-04-21t17:39:00.000,2022-04-21t17:39:00.000,2022-04-21t17:39:00.000,ams,eham,10,a08,2022-04-21t19:35:00.000,2022-04-21t19:30:00.000,klm,kl,klm,920,kl920,klm920,2,,,,
departure,active,sou,eghi,8,70.0,2022-04-22t17:20:00.000,2022-04-22t18:30:00.000,,,,ams,eham,9,a08,2022-04-22t19:35:00.000,,klm,kl,klm,920,kl920,klm920,2,,,,
departure,active,sou,eghi,8,45.0,2022-04-23t17:20:00.000,2022-04-23t18:05:00.000,,,,ams,eham,10,d18,2022-04-23t19:35:00.000,,klm,kl,klm,920,kl920,klm920,2,,,,
departure,active,sou,eghi,8,107.0,2022-04-24t17:20:00.000,2022-04-24t19:07:00.000,,,,ams,eham,13,a08,2022-04-24t19:35:00.000,,klm,kl,klm,920,kl920,klm920,2,,,,
departure,active,sou,eghi,8,47.0,2022-04-25t17:20:00.000,2022-04-25t18:07:00.000,,,,ams,eham,11,a08,2022-04-25t19:35:00.000,,klm,kl,klm,920,kl920,klm920,2,,,,
departure,active,sou,eghi,8,110.0,2022-04-26t17:20:00.000,2022-04-26t19:10:00.000,,,,ams,eham,12,a08,2022-04-26t19:35:00.000,,klm,kl,klm,920,kl920,klm920,,,,,
departure,active,sou,eghi,8a,30.0,2022-04-27t17:20:00.000,2022-04-27t17:50:00.000,2022-04-27t17:49:00.000,2022-04-27t17:49:00.000,2022-04-27t17:49:00.000,ams,eham,9,a08,2022-04-27t19:35:00.000,2022-04-27t19:39:00.000,klm,kl,klm,920,kl920,klm920,,,,,4.0
departure,active,sou,eghi,8,36.0,2022-04-28t17:20:00.000,2022-04-28t17:35:00.000,2022-04-28t17:55:00.000,2022-04-28t17:55:00.000,2022-04-28t17:55:00.000,ams,eham,16,a08,2022-04-28t19:35:00.000,2022-04-28t19:46:00.000,klm,kl,klm,920,kl920,klm920,2,,,,12.0
departure,active,sou,eghi,8,36.0,2022-04-29t17:20:00.000,2022-04-29t17:35:00.000,2022-04-29t17:55:00.000,2022-04-29t17:55:00.000,2022-04-29t17:55:00.000,ams,eham,12,a08,2022-04-29t19:35:00.000,2022-04-29t19:44:00.000,klm,kl,klm,920,kl920,klm920,2,,,,10.0
departure,active,sou,eghi,8,16.0,2022-04-30t17:20:00.000,2022-04-30t17:36:00.000,2022-04-30t17:36:00.000,2022-04-30t17:36:00.000,2022-04-30t17:36:00.000,ams,eham,13,d23,2022-04-30t19:35:00.000,2022-04-30t19:21:00.000,klm,kl,klm,920,kl920,klm920,2,,,,
departure,active,sou,eghi,8,20.0,2022-05-01t17:20:00.000,2022-05-01t17:40:00.000,,,,ams,eham,9,a08,2022-05-01t19:35:00.000,,klm,kl,klm,920,kl920,klm920,2,,,,
departure,active,sou,eghi,8a,19.0,2022-05-02t17:20:00.000,2022-05-02t17:20:00.000,2022-05-02t17:38:00.000,2022-05-02t17:38:00.000,2022-05-02t17:38:00.000,ams,eham,12,a08,2022-05-02t19:35:00.000,2022-05-02t19:33:00.000,klm,kl,klm,920,kl920,klm920,2,,,,
departure,active,sou,eghi,8,13.0,2022-05-03t17:20:00.000,2022-05-03t17:32:00.000,2022-05-03t17:32:00.000,2022-05-03t17:32:00.000,2022-05-03t17:32:00.000,ams,eham,13,a08,2022-05-03t19:35:00.000,2022-05-03t19:22:00.000,klm,kl,klm,920,kl920,klm920,2,,,,
departure,active,sou,eghi,8,17.0,2022-05-04t17:20:00.000,2022-05-04t17:20:00.000,2022-05-04t17:37:00.000,2022-05-04t17:37:00.000,2022-05-04t17:37:00.000,ams,eham,9,a08,2022-05-04t19:35:00.000,2022-05-04t19:28:00.000,klm,kl,klm,920,kl920,klm920,2,,,,
departure,active,sou,eghi,8,9.0,2022-05-05t17:20:00.000,2022-05-05t17:20:00.000,2022-05-05t17:29:00.000,2022-05-05t17:29:00.000,2022-05-05t17:29:00.000,ams,eham,11,a08,2022-05-05t19:35:00.000,2022-05-05t19:16:00.000,klm,kl,klm,920,kl920,klm920,2,,,,
departure,active,sou,eghi,8,,2022-05-06t17:20:00.000,2022-05-06t17:20:00.000,,,,ams,eham,11,d23,2022-05-06t19:35:00.000,,klm,kl,klm,920,kl920,klm920,2,,,,
departure,active,sou,eghi,8,17.0,2022-05-07t17:20:00.000,2022-05-07t17:36:00.000,2022-05-07t17:36:00.000,2022-05-07t17:36:00.000,2022-05-07t17:36:00.000,ams,eham,12,a08,2022-05-07t19:35:00.000,2022-05-07t19:27:00.000,klm,kl,klm,920,kl920,klm920,3,,,,
departure,active,sou,eghi,8,13.0,2022-05-08t17:20:00.000,2022-05-08t17:20:00.000,2022-05-08t17:33:00.000,2022-05-08t17:33:00.000,2022-05-08t17:33:00.000,ams,eham,10,a08,2022-05-08t19:35:00.000,2022-05-08t19:25:00.000,klm,kl,klm,920,kl920,klm920,2,,,,
departure,active,sou,eghi,8,20.0,2022-05-09t17:20:00.000,2022-05-09t17:40:00.000,,,,ams,eham,10,a08,2022-05-09t19:35:00.000,,klm,kl,klm,920,kl920,klm920,2,,,,
departure,active,sou,eghi,8,9.0,2022-05-10t17:20:00.000,2022-05-10t17:20:00.000,2022-05-10t17:29:00.000,2022-05-10t17:29:00.000,2022-05-10t17:29:00.000,ams,eham,9,a08,2022-05-10t19:35:00.000,2022-05-10t19:19:00.000,klm,kl,klm,920,kl920,klm920,2,2022-05-10t19:16:00.000,2022-05-10t19:16:00.000,2022-05-10t19:16:00.000,
departure,active,sou,eghi,8,20.0,2022-05-11t17:20:00.000,2022-05-11t17:25:00.000,2022-05-11t17:40:00.000,2022-05-11t17:40:00.000,2022-05-11t17:40:00.000,ams,eham,11,a08,2022-05-11t19:35:00.000,2022-05-11t19:21:00.000,klm,kl,klm,920,kl920,klm920,2,,,,
departure,active,sou,eghi,8,17.0,2022-05-12t17:20:00.000,2022-05-12t17:20:00.000,2022-05-12t17:37:00.000,2022-05-12t17:37:00.000,2022-05-12t17:37:00.000,ams,eham,11,a08,2022-05-12t19:35:00.000,2022-05-12t19:24:00.000,klm,kl,klm,920,kl920,klm920,2,,,,
departure,active,sou,eghi,8,45.0,2022-05-13t17:20:00.000,2022-05-13t18:05:00.000,,,,ams,eham,11,a08,2022-05-13t19:35:00.000,,klm,kl,klm,920,kl920,klm920,3,,,,
departure,active,sou,eghi,8,18.0,2022-05-14t17:20:00.000,2022-05-14t17:20:00.000,2022-05-14t17:38:00.000,2022-05-14t17:38:00.000,2022-05-14t17:38:00.000,ams,eham,13,d23,2022-05-14t19:35:00.000,2022-05-14t19:29:00.000,klm,kl,klm,920,kl920,klm920,2,,,,
departure,active,sou,eghi,8a,23.0,2022-05-15t17:20:00.000,2022-05-15t17:20:00.000,2022-05-15t17:42:00.000,2022-05-15t17:42:00.000,2022-05-15t17:42:00.000,ams,eham,9,a08,2022-05-15t19:35:00.000,2022-05-15t19:36:00.000,klm,kl,klm,920,kl920,klm920,,,,,1.0
departure,active,sou,eghi,8,51.0,2022-05-16t17:20:00.000,2022-05-16t17:50:00.000,2022-05-16t18:11:00.000,2022-05-16t18:11:00.000,2022-05-16t18:11:00.000,ams,eham,10,a08,2022-05-16t19:35:00.000,2022-05-16t20:03:00.000,klm,kl,klm,920,kl920,klm920,2,,,,29.0
departure,active,sou,eghi,8,5.0,2022-05-17t17:20:00.000,2022-05-17t17:20:00.000,2022-05-17t17:24:00.000,2022-05-17t17:24:00.000,2022-05-17t17:24:00.000,ams,eham,13,a08,2022-05-17t19:35:00.000,2022-05-17t19:16:00.000,klm,kl,klm,920,kl920,klm920,2,2022-05-17t19:09:00.000,2022-05-17t19:09:00.000,2022-05-17t19:09:00.000,
departure,active,sou,eghi,8,10.0,2022-05-18t17:20:00.000,2022-05-18t17:20:00.000,2022-05-18t17:30:00.000,2022-05-18t17:30:00.000,2022-05-18t17:30:00.000,ams,eham,11,a08,2022-05-18t19:35:00.000,2022-05-18t19:16:00.000,klm,kl,klm,920,kl920,klm920,2,,,,
departure,active,sou,eghi,8,21.0,2022-05-19t17:20:00.000,2022-05-19t17:20:00.000,2022-05-19t17:40:00.000,2022-05-19t17:40:00.000,2022-05-19t17:40:00.000,ams,eham,12,a08,2022-05-19t19:35:00.000,2022-05-19t19:26:00.000,klm,kl,klm,920,kl920,klm920,2,,,,
departure,active,sou,eghi,8,30.0,2022-05-20t17:20:00.000,2022-05-20t17:50:00.000,,,,ams,eham,13,d23,2022-05-20t19:35:00.000,,klm,kl,klm,920,kl920,klm920,2,,,,
departure,active,sou,eghi,8,9.0,2022-05-21t17:20:00.000,2022-05-21t17:30:00.000,2022-05-21t17:29:00.000,2022-05-21t17:29:00.000,2022-05-21t17:29:00.000,ams,eham,13,a08,2022-05-21t19:35:00.000,2022-05-21t19:13:00.000,klm,kl,klm,920,kl920,klm920,2,,,,
departure,active,sou,eghi,8a,13.0,2022-05-22t17:20:00.000,2022-05-22t17:20:00.000,2022-05-22t17:33:00.000,2022-05-22t17:33:00.000,2022-05-22t17:33:00.000,ams,eham,13,a08,2022-05-22t19:35:00.000,2022-05-22t19:18:00.000,klm,kl,klm,920,kl920,klm920,2,,,,
departure,active,sou,eghi,8,48.0,2022-05-23t17:20:00.000,2022-05-23t17:50:00.000,2022-05-23t18:07:00.000,2022-05-23t18:07:00.000,2022-05-23t18:07:00.000,ams,eham,12,a08,2022-05-23t19:35:00.000,2022-05-23t19:56:00.000,klm,kl,klm,920,kl920,klm920,2,,,,22.0
departure,cancelled,sou,eghi,,,2022-05-24t17:20:00.000,2022-05-24t17:20:00.000,,,,ams,eham,,a08,2022-05-24t19:35:00.000,,klm,kl,klm,920,kl920,klm920,,,,,
departure,active,sou,eghi,,85.0,2022-05-25t17:20:00.000,2022-05-25t18:45:00.000,,,,ams,eham,12,a08,2022-05-25t19:35:00.000,,klm,kl,klm,920,kl920,klm920,,,,,
departure,active,sou,eghi,8,30.0,2022-05-26t17:20:00.000,2022-05-26t17:50:00.000,,,,ams,eham,12,a08,2022-05-26t19:35:00.000,,klm,kl,klm,920,kl920,klm920,,,,,
departure,active,sou,eghi,8,20.0,2022-05-27t17:20:00.000,2022-05-27t17:20:00.000,2022-05-27t17:39:00.000,2022-05-27t17:39:00.000,2022-05-27t17:39:00.000,ams,eham,12,a08,2022-05-27t19:35:00.000,2022-05-27t19:32:00.000,klm,kl,klm,920,kl920,klm920,2,,,,
departure,active,sou,eghi,8,25.0,2022-05-28t17:20:00.000,2022-05-28t17:45:00.000,,,,ams,eham,9,a08,2022-05-28t19:40:00.000,,klm,kl,klm,920,kl920,klm920,,,,,
departure,active,sou,eghi,8,32.0,2022-05-29t17:20:00.000,2022-05-29t17:53:00.000,2022-05-29t17:52:00.000,2022-05-29t17:52:00.000,2022-05-29t17:52:00.000,ams,eham,9,a08,2022-05-29t19:40:00.000,2022-05-29t19:40:00.000,klm,kl,klm,920,kl920,klm920,2,,,,
departure,active,sou,eghi,8,55.0,2022-05-30t17:20:00.000,2022-05-30t18:15:00.000,,,,ams,eham,11,a08,2022-05-30t19:35:00.000,,klm,kl,klm,920,kl920,klm920,2,,,,
departure,active,sou,eghi,8,26.0,2022-05-31t17:20:00.000,2022-05-31t17:20:00.000,2022-05-31t17:45:00.000,2022-05-31t17:45:00.000,2022-05-31t17:45:00.000,ams,eham,11,d26,2022-05-31t19:35:00.000,2022-05-31t19:31:00.000,klm,kl,klm,920,kl920,klm920,2,,,,
departure,active,sou,eghi,8,23.0,2022-06-01t17:20:00.000,2022-06-01t17:20:00.000,2022-06-01t17:42:00.000,2022-06-01t17:42:00.000,2022-06-01t17:42:00.000,ams,eham,9,a08,2022-06-01t19:35:00.000,2022-06-01t19:34:00.000,klm,kl,klm,920,kl920,klm920,2,,,,
departure,active,sou,eghi,8,35.0,2022-06-02t17:20:00.000,2022-06-02t17:30:00.000,2022-06-02t17:54:00.000,2022-06-02t17:54:00.000,2022-06-02t17:54:00.000,ams,eham,11,a08,2022-06-02t19:35:00.000,2022-06-02t19:40:00.000,klm,kl,klm,920,kl920,klm920,2,,,,5.0
departure,active,sou,eghi,8,26.0,2022-06-03t17:20:00.000,2022-06-03t17:46:00.000,,,,ams,eham,9,a08,2022-06-03t19:35:00.000,,klm,kl,klm,920,kl920,klm920,,,,,
departure,cancelled,sou,eghi,,,2022-06-04t17:20:00.000,2022-06-04t17:20:00.000,,,,ams,eham,,a08,2022-06-04t19:40:00.000,,klm,kl,klm,920,kl920,klm920,,,,,
departure,active,sou,eghi,8,36.0,2022-06-05t17:20:00.000,2022-06-05t17:20:00.000,2022-06-05t17:56:00.000,2022-06-05t17:56:00.000,2022-06-05t17:56:00.000,ams,eham,13,a08,2022-06-05t19:40:00.000,2022-06-05t19:44:00.000,klm,kl,klm,920,kl920,klm920,,,,,5.0
departure,active,sou,eghi,8,15.0,2022-06-06t17:50:00.000,2022-06-06t17:50:00.000,2022-06-06t18:04:00.000,2022-06-06t18:04:00.000,2022-06-06t18:04:00.000,ams,eham,11,d23,2022-06-06t20:05:00.000,2022-06-06t19:55:00.000,klm,kl,klm,920,kl920,klm920,2,,,,
departure,active,sou,eghi,8,45.0,2022-06-07t17:20:00.000,2022-06-07t18:05:00.000,,,,ams,eham,13,a08,2022-06-07t19:35:00.000,,klm,kl,klm,920,kl920,klm920,2,,,,
departure,active,sou,eghi,8,17.0,2022-06-08t17:20:00.000,2022-06-08t17:25:00.000,2022-06-08t17:36:00.000,2022-06-08t17:36:00.000,2022-06-08t17:36:00.000,ams,eham,13,a08,2022-06-08t19:35:00.000,2022-06-08t19:19:00.000,klm,kl,klm,920,kl920,klm920,2,,,,
departure,active,sou,eghi,9,85.0,2022-06-09t17:20:00.000,2022-06-09t18:45:00.000,,,,ams,eham,11,d23,2022-06-09t19:35:00.000,,klm,kl,klm,920,kl920,klm920,2,,,,
departure,active,sou,eghi,8,16.0,2022-06-10t17:20:00.000,2022-06-10t17:20:00.000,2022-06-10t17:35:00.000,2022-06-10t17:35:00.000,2022-06-10t17:35:00.000,ams,eham,13,a08,2022-06-10t19:35:00.000,2022-06-10t19:18:00.000,klm,kl,klm,920,kl920,klm920,2,,,,
departure,active,sou,eghi,8,40.0,2022-06-11t17:20:00.000,2022-06-11t18:00:00.000,,,,ams,eham,10,a08,2022-06-11t19:40:00.000,,klm,kl,klm,920,kl920,klm920,2,,,,
departure,cancelled,sou,eghi,,,2022-06-12t18:00:00.000,,,,,ams,eham,,,2022-06-12t20:20:00.000,,klm,kl,klm,920,kl920,klm920,,,,,
departure,active,sou,eghi,,85.0,2022-06-13t17:20:00.000,2022-06-13t18:45:00.000,,,,ams,eham,11,a08,2022-06-13t19:35:00.000,,klm,kl,klm,920,kl920,klm920,,,,,
departure,active,sou,eghi,8,20.0,2022-06-14t17:20:00.000,2022-06-14t17:40:00.000,,,,ams,eham,9,d29,2022-06-14t19:35:00.000,,klm,kl,klm,920,kl920,klm920,2,,,,
departure,active,sou,eghi,8,11.0,2022-06-15t17:20:00.000,2022-06-15t17:33:00.000,2022-06-15t17:31:00.000,2022-06-15t17:31:00.000,2022-06-15t17:31:00.000,ams,eham,9,d27,2022-06-15t19:35:00.000,2022-06-15t19:18:00.000,klm,kl,klm,920,kl920,klm920,,,,,
departure,active,sou,eghi,8,25.0,2022-06-16t17:20:00.000,2022-06-16t17:45:00.000,,,,ams,eham,22,d31,2022-06-16t19:35:00.000,,klm,kl,klm,920,kl920,klm920,,,,,
departure,active,sou,eghi,8a,45.0,2022-06-17t17:20:00.000,2022-06-17t18:05:00.000,,,,ams,eham,13,d29,2022-06-17t19:35:00.000,,klm,kl,klm,920,kl920,klm920,2,,,,
departure,cancelled,sou,eghi,,,2022-06-18t17:20:00.000,,,,,ams,eham,,,2022-06-18t19:40:00.000,,klm,kl,klm,920,kl920,klm920,,,,,
departure,active,sou,eghi,8,46.0,2022-06-19t17:20:00.000,2022-06-19t17:40:00.000,2022-06-19t18:06:00.000,2022-06-19t18:06:00.000,2022-06-19t18:06:00.000,ams,eham,11,d28,2022-06-19t19:40:00.000,2022-06-19t19:44:00.000,klm,kl,klm,920,kl920,klm920,3,,,,5.0
departure,active,sou,eghi,8,38.0,2022-06-20t17:20:00.000,2022-06-20t17:40:00.000,2022-06-20t17:57:00.000,2022-06-20t17:57:00.000,2022-06-20t17:57:00.000,ams,eham,13,d24,2022-06-20t19:35:00.000,2022-06-20t19:46:00.000,klm,kl,klm,920,kl920,klm920,2,,,,12.0
departure,active,sou,eghi,8,10.0,2022-06-21t17:20:00.000,2022-06-21t17:20:00.000,2022-06-21t17:29:00.000,2022-06-21t17:29:00.000,2022-06-21t17:29:00.000,ams,eham,12,a08,2022-06-21t19:40:00.000,2022-06-21t19:18:00.000,klm,kl,klm,920,kl920,klm920,2,,,,
departure,active,sou,eghi,8,21.0,2022-06-22t17:20:00.000,2022-06-22t17:20:00.000,2022-06-22t17:41:00.000,2022-06-22t17:41:00.000,2022-06-22t17:41:00.000,ams,eham,10,d25,2022-06-22t19:35:00.000,2022-06-22t19:35:00.000,klm,kl,klm,920,kl920,klm920,2,,,,
departure,active,sou,eghi,8,,2022-06-23t17:20:00.000,2022-06-23t17:20:00.000,,,,ams,eham,13,d27,2022-06-23t19:35:00.000,,klm,kl,klm,920,kl920,klm920,2,,,,
departure,active,sou,eghi,8,37.0,2022-06-24t17:20:00.000,2022-06-24t17:35:00.000,2022-06-24t17:56:00.000,2022-06-24t17:56:00.000,2022-06-24t17:56:00.000,ams,eham,13,a08,2022-06-24t19:35:00.000,2022-06-24t19:44:00.000,klm,kl,klm,920,kl920,klm920,2,,,,10.0
departure,active,sou,eghi,8,22.0,2022-06-25t17:20:00.000,2022-06-25t17:30:00.000,2022-06-25t17:41:00.000,2022-06-25t17:41:00.000,2022-06-25t17:41:00.000,ams,eham,12,a08,2022-06-25t19:40:00.000,2022-06-25t19:27:00.000,klm,kl,klm,920,kl920,klm920,2,,,,
departure,active,sou,eghi,9,90.0,2022-06-26t17:20:00.000,2022-06-26t18:50:00.000,,,,ams,eham,12,d28,2022-06-26t19:40:00.000,,klm,kl,klm,920,kl920,klm920,,,,,
departure,active,sou,eghi,8,40.0,2022-06-27t17:20:00.000,2022-06-27t18:00:00.000,,,,ams,eham,10,a08,2022-06-27t19:35:00.000,,klm,kl,klm,920,kl920,klm920,2,,,,
departure,active,sou,eghi,8a,29.0,2022-06-28t17:20:00.000,2022-06-28t17:47:00.000,2022-06-28t17:48:00.000,2022-06-28t17:48:00.000,2022-06-28t17:48:00.000,ams,eham,9,a08,2022-06-28t19:40:00.000,2022-06-28t19:36:00.000,klm,kl,klm,920,kl920,klm920,2,,,,
departure,active,sou,eghi,8a,20.0,2022-06-29t17:20:00.000,2022-06-29t17:25:00.000,2022-06-29t17:39:00.000,2022-06-29t17:39:00.000,2022-06-29t17:39:00.000,ams,eham,8,a08,2022-06-29t19:35:00.000,2022-06-29t19:26:00.000,klm,kl,klm,920,kl920,klm920,2,,,,
departure,active,sou,eghi,8,30.0,2022-06-30t17:20:00.000,2022-06-30t17:30:00.000,2022-06-30t17:49:00.000,2022-06-30t17:49:00.000,2022-06-30t17:49:00.000,ams,eham,13,a08,2022-06-30t19:35:00.000,2022-06-30t19:40:00.000,klm,kl,klm,920,kl920,klm920,2,,,,5.0
departure,active,sou,eghi,8,25.0,2022-07-01t17:20:00.000,2022-07-01t17:20:00.000,2022-07-01t17:44:00.000,2022-07-01t17:44:00.000,2022-07-01t17:44:00.000,ams,eham,9,a08,2022-07-01t19:35:00.000,2022-07-01t19:31:00.000,klm,kl,klm,920,kl920,klm920,2,,,,
departure,active,sou,eghi,,55.0,2022-07-02t17:20:00.000,2022-07-02t18:15:00.000,,,,ams,eham,13,d28,2022-07-02t19:35:00.000,,klm,kl,klm,920,kl920,klm920,2,,,,
departure,active,sou,eghi,9,55.0,2022-07-03t17:20:00.000,2022-07-03t18:15:00.000,,,,ams,eham,9,a08,2022-07-03t19:35:00.000,,klm,kl,klm,920,kl920,klm920,2,,,,
departure,active,sou,eghi,8,16.0,2022-07-04t17:20:00.000,2022-07-04t17:20:00.000,2022-07-04t17:35:00.000,2022-07-04t17:35:00.000,2022-07-04t17:35:00.000,ams,eham,13,d23,2022-07-04t19:35:00.000,2022-07-04t19:23:00.000,klm,kl,klm,920,kl920,klm920,2,,,,
departure,active,sou,eghi,9,45.0,2022-07-05t16:15:00.000,2022-07-05t17:00:00.000,,,,ams,eham,11,a08,2022-07-05t18:30:00.000,,klm,kl,klm,920,kl920,klm920,2,,,,
departure,active,sou,eghi,8a,21.0,2022-07-06t16:15:00.000,2022-07-06t16:15:00.000,2022-07-06t16:35:00.000,2022-07-06t16:35:00.000,2022-07-06t16:35:00.000,ams,eham,11,a08,2022-07-06t18:30:00.000,2022-07-06t18:28:00.000,klm,kl,klm,920,kl920,klm920,2,,,,
departure,active,sou,eghi,8,27.0,2022-07-07t17:20:00.000,2022-07-07t17:35:00.000,2022-07-07t17:47:00.000,2022-07-07t17:47:00.000,2022-07-07t17:47:00.000,ams,eham,11,a08,2022-07-07t19:35:00.000,2022-07-07t19:38:00.000,klm,kl,klm,920,kl920,klm920,2,,,,3.0
departure,active,sou,eghi,8,34.0,2022-07-08t10:50:00.000,2022-07-08t11:05:00.000,2022-07-08t11:23:00.000,2022-07-08t11:23:00.000,2022-07-08t11:23:00.000,ams,eham,13,a08,2022-07-08t13:05:00.000,2022-07-08t13:12:00.000,klm,kl,klm,920,kl920,klm920,,,,,7.0
departure,active,sou,eghi,2,20.0,2022-07-09t17:20:00.000,2022-07-09t17:40:00.000,,,,ams,eham,10,a08,2022-07-09t19:35:00.000,,klm,kl,klm,920,kl920,klm920,2,,,,
departure,active,sou,eghi,,25.0,2022-07-10t17:20:00.000,2022-07-10t17:45:00.000,,,,ams,eham,10,a08,2022-07-10t19:35:00.000,,klm,kl,klm,920,kl920,klm920,,,,,
departure,active,sou,eghi,4,30.0,2022-07-11t16:15:00.000,2022-07-11t16:15:00.000,2022-07-11t16:45:00.000,2022-07-11t16:45:00.000,2022-07-11t16:45:00.000,ams,eham,11,a08,2022-07-11t18:30:00.000,2022-07-11t18:34:00.000,klm,kl,klm,920,kl920,klm920,2,,,,4.0
departure,active,sou,eghi,8,16.0,2022-07-12t16:15:00.000,2022-07-12t16:15:00.000,2022-07-12t16:31:00.000,2022-07-12t16:31:00.000,2022-07-12t16:31:00.000,ams,eham,9,a08,2022-07-12t18:30:00.000,2022-07-12t18:21:00.000,klm,kl,klm,920,kl920,klm920,2,,,,
departure,active,sou,eghi,7,30.0,2022-07-13t16:15:00.000,2022-07-13t16:25:00.000,2022-07-13t16:44:00.000,2022-07-13t16:44:00.000,2022-07-13t16:44:00.000,ams,eham,8,a08,2022-07-13t18:30:00.000,2022-07-13t18:29:00.000,klm,kl,klm,920,kl920,klm920,2,,,,
departure,active,sou,eghi,8a,50.0,2022-07-14t17:20:00.000,2022-07-14t18:10:00.000,,,,ams,eham,11,a08,2022-07-14t19:35:00.000,,klm,kl,klm,920,kl920,klm920,2,,,,
departure,active,sou,eghi,8,32.0,2022-07-15t10:50:00.000,2022-07-15t10:50:00.000,2022-07-15t11:21:00.000,2022-07-15t11:21:00.000,2022-07-15t11:21:00.000,ams,eham,12,d31,2022-07-15t13:05:00.000,2022-07-15t13:09:00.000,klm,kl,klm,920,kl920,klm920,2,,,,5.0
departure,active,sou,eghi,8a,11.0,2022-07-16t16:15:00.000,2022-07-16t16:15:00.000,2022-07-16t16:26:00.000,2022-07-16t16:26:00.000,2022-07-16t16:26:00.000,ams,eham,8,a08,2022-07-16t18:30:00.000,2022-07-16t18:14:00.000,klm,kl,klm,920,kl920,klm920,2,,,,
departure,active,sou,eghi,8,5.0,2022-07-17t16:15:00.000,2022-07-17t16:15:00.000,2022-07-17t16:19:00.000,2022-07-17t16:19:00.000,2022-07-17t16:19:00.000,ams,eham,9,a08,2022-07-17t18:30:00.000,2022-07-17t18:08:00.000,klm,kl,klm,920,kl920,klm920,2,,,,
departure,active,sou,eghi,,90.0,2022-07-18t16:15:00.000,2022-07-18t17:45:00.000,,,,ams,eham,8,d25,2022-07-18t18:30:00.000,,klm,kl,klm,920,kl920,klm920,2,,,,
departure,active,sou,eghi,8,30.0,2022-07-19t16:15:00.000,2022-07-19t16:45:00.000,,,,ams,eham,10,a08,2022-07-19t18:30:00.000,,klm,kl,klm,920,kl920,klm920,2,,,,
departure,active,sou,eghi,1,5.0,2022-07-20t16:15:00.000,2022-07-20t16:20:00.000,,,,ams,eham,11,a08,2022-07-20t18:30:00.000,,klm,kl,klm,920,kl920,klm920,2,,,,
departure,active,sou,eghi,1,33.0,2022-07-21t16:15:00.000,2022-07-21t16:48:00.000,2022-07-21t16:47:00.000,2022-07-21t16:47:00.000,2022-07-21t16:47:00.000,ams,eham,13,d28,2022-07-21t18:30:00.000,2022-07-21t18:38:00.000,klm,kl,klm,920,kl920,klm920,2,,,,8.0
departure,active,sou,eghi,8a,41.0,2022-07-22t10:50:00.000,2022-07-22t11:31:00.000,,,,ams,eham,12,a08,2022-07-22t13:05:00.000,,klm,kl,klm,920,kl920,klm920,,,,,
departure,active,sou,eghi,8,20.0,2022-07-23t16:15:00.000,2022-07-23t16:35:00.000,,,,ams,eham,12,d24,2022-07-23t18:30:00.000,,klm,kl,klm,920,kl920,klm920,2,,,,
departure,active,sou,eghi,8a,22.0,2022-07-24t16:15:00.000,2022-07-24t16:15:00.000,2022-07-24t16:36:00.000,2022-07-24t16:36:00.000,2022-07-24t16:36:00.000,ams,eham,11,a08,2022-07-24t18:30:00.000,2022-07-24t18:19:00.000,klm,kl,klm,920,kl920,klm920,2,,,,
departure,active,sou,eghi,8a,,2022-07-25t16:15:00.000,2022-07-25t16:15:00.000,,,,ams,eham,9,d27,2022-07-25t18:30:00.000,,klm,kl,klm,920,kl920,klm920,,,,,
departure,active,sou,eghi,8a,30.0,2022-07-26t16:15:00.000,2022-07-26t16:15:00.000,2022-07-26t16:45:00.000,2022-07-26t16:45:00.000,2022-07-26t16:45:00.000,ams,eham,8,a08,2022-07-26t18:30:00.000,2022-07-26t18:32:00.000,klm,kl,klm,920,kl920,klm920,2,,,,2.0
departure,active,sou,eghi,2,12.0,2022-07-27t16:15:00.000,2022-07-27t16:15:00.000,2022-07-27t16:27:00.000,2022-07-27t16:27:00.000,2022-07-27t16:27:00.000,ams,eham,9,d26,2022-07-27t18:30:00.000,2022-07-27t18:18:00.000,klm,kl,klm,920,kl920,klm920,2,,,,
departure,active,sou,eghi,4,30.0,2022-07-28t16:15:00.000,2022-07-28t16:45:00.000,,,,ams,eham,10,a08,2022-07-28t18:30:00.000,,klm,kl,klm,920,kl920,klm920,2,,,,
departure,active,sou,eghi,8,21.0,2022-07-29t10:50:00.000,2022-07-29t11:08:00.000,2022-07-29t11:10:00.000,2022-07-29t11:10:00.000,2022-07-29t11:10:00.000,ams,eham,13,a08,2022-07-29t13:05:00.000,2022-07-29t12:57:00.000,klm,kl,klm,920,kl920,klm920,2,,,,
departure,active,sou,eghi,8,18.0,2022-07-30t16:15:00.000,2022-07-30t16:20:00.000,2022-07-30t16:32:00.000,2022-07-30t16:32:00.000,2022-07-30t16:32:00.000,ams,eham,12,d22,2022-07-30t18:30:00.000,2022-07-30t18:20:00.000,klm,kl,klm,920,kl920,klm920,2,,,,
departure,active,sou,eghi,2,5.0,2022-07-31t16:15:00.000,2022-07-31t16:15:00.000,2022-07-31t16:19:00.000,2022-07-31t16:19:00.000,2022-07-31t16:19:00.000,ams,eham,11,a08,2022-07-31t18:30:00.000,2022-07-31t18:04:00.000,klm,kl,klm,920,kl920,klm920,2,,,,
departure,active,sou,eghi,8,30.0,2022-08-01t16:15:00.000,2022-08-01t16:45:00.000,,,,ams,eham,10,a08,2022-08-01t18:30:00.000,,klm,kl,klm,920,kl920,klm920,2,,,,
departure,active,sou,eghi,8,25.0,2022-08-02t16:15:00.000,2022-08-02t16:15:00.000,2022-08-02t16:39:00.000,2022-08-02t16:39:00.000,2022-08-02t16:39:00.000,ams,eham,9,a08,2022-08-02t18:30:00.000,2022-08-02t18:27:00.000,klm,kl,klm,920,kl920,klm920,2,,,,
departure,active,sou,eghi,1,9.0,2022-08-03t16:15:00.000,2022-08-03t16:24:00.000,2022-08-03t16:23:00.000,2022-08-03t16:23:00.000,2022-08-03t16:23:00.000,ams,eham,10,a08,2022-08-03t18:30:00.000,2022-08-03t18:14:00.000,klm,kl,klm,920,kl920,klm920,2,,,,
departure,active,sou,eghi,8,31.0,2022-08-04t16:15:00.000,2022-08-04t16:35:00.000,2022-08-04t16:45:00.000,2022-08-04t16:45:00.000,2022-08-04t16:45:00.000,ams,eham,9,a08,2022-08-04t18:30:00.000,2022-08-04t18:34:00.000,klm,kl,klm,920,kl920,klm920,,,,,4.0
departure,active,sou,eghi,8,35.0,2022-08-06t16:15:00.000,2022-08-06t16:15:00.000,2022-08-06t16:50:00.000,2022-08-06t16:50:00.000,2022-08-06t16:50:00.000,ams,eham,11,a08,2022-08-06t18:30:00.000,2022-08-06t18:38:00.000,klm,kl,klm,920,kl920,klm920,2,,,,8.0
departure,active,sou,eghi,8,20.0,2022-08-07t16:15:00.000,2022-08-07t16:15:00.000,2022-08-07t16:35:00.000,2022-08-07t16:35:00.000,2022-08-07t16:35:00.000,ams,eham,10,a08,2022-08-07t18:30:00.000,2022-08-07t18:23:00.000,klm,kl,klm,920,kl920,klm920,2,,,,
departure,active,sou,eghi,4,15.0,2022-08-08t16:15:00.000,2022-08-08t16:15:00.000,2022-08-08t16:30:00.000,2022-08-08t16:30:00.000,2022-08-08t16:30:00.000,ams,eham,12,a08,2022-08-08t18:30:00.000,2022-08-08t18:13:00.000,klm,kl,klm,920,kl920,klm920,2,,,,
departure,active,sou,eghi,1,8.0,2022-08-09t16:15:00.000,2022-08-09t16:15:00.000,2022-08-09t16:23:00.000,2022-08-09t16:23:00.000,2022-08-09t16:23:00.000,ams,eham,10,a08,2022-08-09t18:30:00.000,2022-08-09t18:14:00.000,klm,kl,klm,920,kl920,klm920,2,,,,
departure,active,sou,eghi,8,41.0,2022-08-10t16:15:00.000,2022-08-10t16:35:00.000,2022-08-10t16:55:00.000,2022-08-10t16:55:00.000,2022-08-10t16:55:00.000,ams,eham,12,a08,2022-08-10t18:30:00.000,2022-08-10t18:46:00.000,klm,kl,klm,920,kl920,klm920,2,,,,17.0
departure,active,sou,eghi,2,23.0,2022-08-11t16:15:00.000,2022-08-11t16:15:00.000,2022-08-11t16:38:00.000,2022-08-11t16:38:00.000,2022-08-11t16:38:00.000,ams,eham,9,d26,2022-08-11t18:30:00.000,2022-08-11t18:28:00.000,klm,kl,klm,920,kl920,klm920,2,,,,
departure,active,sou,eghi,1,28.0,2022-08-12t10:50:00.000,2022-08-12t10:50:00.000,2022-08-12t11:18:00.000,2022-08-12t11:18:00.000,2022-08-12t11:18:00.000,ams,eham,10,a08,2022-08-12t13:05:00.000,2022-08-12t13:01:00.000,klm,kl,klm,920,kl920,klm920,2,,,,
departure,active,sou,eghi,7,,2022-08-13t16:15:00.000,2022-08-13t16:15:00.000,,,,ams,eham,13,a08,2022-08-13t18:30:00.000,,klm,kl,klm,920,kl920,klm920,2,,,,
departure,active,sou,eghi,4,5.0,2022-08-14t16:15:00.000,2022-08-14t16:20:00.000,,,,ams,eham,10,a08,2022-08-14t18:30:00.000,,klm,kl,klm,920,kl920,klm920,2,,,,
departure,active,sou,eghi,2,18.0,2022-08-15t16:15:00.000,2022-08-15t16:33:00.000,,,,ams,eham,12,a08,2022-08-15t18:30:00.000,,klm,kl,klm,920,kl920,klm920,,,,,
departure,active,sou,eghi,8,23.0,2022-08-16t16:15:00.000,2022-08-16t16:15:00.000,2022-08-16t16:37:00.000,2022-08-16t16:37:00.000,2022-08-16t16:37:00.000,ams,eham,12,d23,2022-08-16t18:30:00.000,2022-08-16t18:25:00.000,klm,kl,klm,920,kl920,klm920,2,,,,
departure,active,sou,eghi,8a,30.0,2022-08-17t16:15:00.000,2022-08-17t16:15:00.000,2022-08-17t16:44:00.000,2022-08-17t16:44:00.000,2022-08-17t16:44:00.000,ams,eham,12,d29,2022-08-17t18:30:00.000,2022-08-17t18:34:00.000,klm,kl,klm,920,kl920,klm920,2,,,,4.0
departure,active,sou,eghi,1,5.0,2022-08-18t16:15:00.000,2022-08-18t16:15:00.000,2022-08-18t16:19:00.000,2022-08-18t16:19:00.000,2022-08-18t16:19:00.000,ams,eham,9,a08,2022-08-18t18:30:00.000,2022-08-18t18:13:00.000,klm,kl,klm,920,kl920,klm920,2,,,,
departure,active,sou,eghi,8,,2022-08-19t15:15:00.000,2022-08-19t15:15:00.000,2022-08-19t15:15:00.000,2022-08-19t15:15:00.000,2022-08-19t15:15:00.000,ams,eham,11,a08,2022-08-19t17:30:00.000,2022-08-19t17:08:00.000,klm,kl,klm,920,kl920,klm920,2,2022-08-19t17:04:00.000,2022-08-19t17:04:00.000,2022-08-19t17:04:00.000,
departure,active,sou,eghi,8a,36.0,2022-08-20t16:15:00.000,2022-08-20t16:25:00.000,2022-08-20t16:50:00.000,2022-08-20t16:50:00.000,2022-08-20t16:50:00.000,ams,eham,13,a08,2022-08-20t18:30:00.000,2022-08-20t18:38:00.000,klm,kl,klm,920,kl920,klm920,,,,,8.0
departure,active,sou,eghi,8,,2022-08-21t16:15:00.000,2022-08-21t16:15:00.000,,,,ams,eham,12,a08,2022-08-21t18:30:00.000,,klm,kl,klm,920,kl920,klm920,,,,,
departure,active,sou,eghi,1,25.0,2022-08-22t16:15:00.000,2022-08-22t16:25:00.000,2022-08-22t16:40:00.000,2022-08-22t16:40:00.000,2022-08-22t16:40:00.000,ams,eham,10,d29,2022-08-22t18:30:00.000,2022-08-22t18:29:00.000,klm,kl,klm,920,kl920,klm920,,,,,
departure,active,sou,eghi,1,63.0,2022-08-23t16:15:00.000,2022-08-23t17:18:00.000,,,,ams,eham,12,a08,2022-08-23t18:30:00.000,,klm,kl,klm,920,kl920,klm920,,,,,
departure,active,sou,eghi,1,19.0,2022-08-24t16:15:00.000,2022-08-24t16:15:00.000,2022-08-24t16:33:00.000,2022-08-24t16:33:00.000,2022-08-24t16:33:00.000,ams,eham,10,d28,2022-08-24t18:30:00.000,2022-08-24t18:23:00.000,klm,kl,klm,920,kl920,klm920,,,,,
departure,active,sou,eghi,8,40.0,2022-08-25t16:15:00.000,2022-08-25t16:55:00.000,,,,ams,eham,12,a08,2022-08-25t18:30:00.000,,klm,kl,klm,920,kl920,klm920,,,,,
departure,active,sou,eghi,8,,2022-08-26t16:15:00.000,2022-08-26t16:15:00.000,,,,ams,eham,11,d31,2022-08-26t18:30:00.000,,klm,kl,klm,920,kl920,klm920,,,,,
departure,active,sou,eghi,8a,16.0,2022-08-27t16:15:00.000,2022-08-27t16:15:00.000,2022-08-27t16:30:00.000,2022-08-27t16:30:00.000,2022-08-27t16:30:00.000,ams,eham,11,a08,2022-08-27t18:30:00.000,2022-08-27t18:18:00.000,klm,kl,klm,920,kl920,klm920,2,,,,
departure,active,sou,eghi,2,,2022-08-28t16:15:00.000,2022-08-28t16:15:00.000,,,,ams,eham,10,a08,2022-08-28t18:30:00.000,,klm,kl,klm,920,kl920,klm920,,,,,
departure,active,sou,eghi,,,2022-08-29t17:20:00.000,2022-08-29t14:03:00.000,,,,ams,eham,10,,2022-08-29t19:35:00.000,,klm,kl,klm,920,kl920,klm920,2,,,,
departure,active,sou,eghi,8,50.0,2022-08-29t12:45:00.000,2022-08-29t13:35:00.000,,,,ams,eham,11,a08,2022-08-29t15:00:00.000,,klm,kl,klm,920,kl920,klm920,,,,,
departure,active,sou,eghi,,,2022-08-30t17:20:00.000,2022-08-30t13:02:00.000,,,,ams,eham,12,,2022-08-30t19:35:00.000,,klm,kl,klm,920,kl920,klm920,2,,,,
departure,active,sou,eghi,1,18.0,2022-08-30t12:45:00.000,2022-08-30t13:03:00.000,2022-08-30t13:02:00.000,2022-08-30t13:02:00.000,2022-08-30t13:02:00.000,ams,eham,12,a08,2022-08-30t15:00:00.000,2022-08-30t14:52:00.000,klm,kl,klm,920,kl920,klm920,,,,,
departure,active,sou,eghi,,,2022-08-31t17:20:00.000,2022-08-31t13:11:00.000,,,,ams,eham,,,2022-08-31t19:35:00.000,,klm,kl,klm,920,kl920,klm920,,,,,
departure,active,sou,eghi,7,,2022-08-31t12:45:00.000,2022-08-31t12:45:00.000,,,,ams,eham,12,a08,2022-08-31t15:00:00.000,,klm,kl,klm,920,kl920,klm920,,,,,
departure,active,sou,eghi,,,2022-09-01t17:20:00.000,2022-09-01t12:57:00.000,,,,ams,eham,13,,2022-09-01t19:35:00.000,,klm,kl,klm,920,kl920,klm920,2,,,,
departure,active,sou,eghi,1,12.0,2022-09-01t12:45:00.000,2022-09-01t12:45:00.000,2022-09-01t12:57:00.000,2022-09-01t12:57:00.000,2022-09-01t12:57:00.000,ams,eham,13,a08,2022-09-01t15:00:00.000,2022-09-01t14:45:00.000,klm,kl,klm,920,kl920,klm920,,,,,
departure,active,sou,eghi,1,33.0,2022-09-02t12:45:00.000,2022-09-02t13:21:00.000,2022-09-02t13:18:00.000,2022-09-02t13:18:00.000,2022-09-02t13:18:00.000,ams,eham,11,a08,2022-09-02t15:00:00.000,2022-09-02t15:07:00.000,klm,kl,klm,920,kl920,klm920,,,,,7.0
departure,active,sou,eghi,,,2022-09-02t17:20:00.000,2022-09-02t13:18:00.000,,,,ams,eham,11,,2022-09-02t19:35:00.000,,klm,kl,klm,920,kl920,klm920,2,,,,
departure,active,sou,eghi,8,3.0,2022-09-03t17:20:00.000,2022-09-03t17:20:00.000,2022-09-03t17:23:00.000,2022-09-03t17:23:00.000,2022-09-03t17:23:00.000,ams,eham,9,d29,2022-09-03t19:35:00.000,2022-09-03t19:13:00.000,klm,kl,klm,920,kl920,klm920,,,,,
departure,active,sou,eghi,8,41.0,2022-09-04t17:20:00.000,2022-09-04t18:01:00.000,,,,ams,eham,10,d23,2022-09-04t19:35:00.000,,klm,kl,klm,920,kl920,klm920,,,,,
departure,active,sou,eghi,1,28.0,2022-09-05t12:45:00.000,2022-09-05t12:55:00.000,2022-09-05t13:12:00.000,2022-09-05t13:12:00.000,2022-09-05t13:12:00.000,ams,eham,11,a08,2022-09-05t15:00:00.000,2022-09-05t15:02:00.000,klm,kl,klm,920,kl920,klm920,,,,,3.0
departure,active,sou,eghi,8,17.0,2022-09-06t13:05:00.000,2022-09-06t13:10:00.000,2022-09-06t13:21:00.000,2022-09-06t13:21:00.000,2022-09-06t13:21:00.000,ams,eham,9,a08,2022-09-06t15:20:00.000,2022-09-06t15:07:00.000,klm,kl,klm,920,kl920,klm920,,,,,
departure,active,sou,eghi,2,25.0,2022-09-07t12:50:00.000,2022-09-07t13:17:00.000,2022-09-07t13:14:00.000,2022-09-07t13:14:00.000,2022-09-07t13:14:00.000,ams,eham,13,a08,2022-09-07t15:05:00.000,2022-09-07t15:00:00.000,klm,kl,klm,920,kl920,klm920,,,,,
departure,active,sou,eghi,8,31.0,2022-09-08t12:45:00.000,2022-09-08t13:17:00.000,2022-09-08t13:15:00.000,2022-09-08t13:15:00.000,2022-09-08t13:15:00.000,ams,eham,9,a08,2022-09-08t15:00:00.000,2022-09-08t15:05:00.000,klm,kl,klm,920,kl920,klm920,,,,,5.0
departure,active,sou,eghi,8a,20.0,2022-09-09t12:45:00.000,2022-09-09t13:05:00.000,,,,ams,eham,10,d28,2022-09-09t15:00:00.000,,klm,kl,klm,920,kl920,klm920,,,,,
departure,active,sou,eghi,8,50.0,2022-09-10t17:20:00.000,2022-09-10t18:10:00.000,,,,ams,eham,8,a08,2022-09-10t19:35:00.000,,klm,kl,klm,920,kl920,klm920,,,,,
departure,active,sou,eghi,1,20.0,2022-09-11t17:20:00.000,2022-09-11t17:25:00.000,2022-09-11t17:40:00.000,2022-09-11t17:40:00.000,2022-09-11t17:40:00.000,ams,eham,11,d25,2022-09-11t19:35:00.000,2022-09-11t19:27:00.000,klm,kl,klm,920,kl920,klm920,2,,,,
departure,active,sou,eghi,8,24.0,2022-09-12t12:45:00.000,2022-09-12t12:45:00.000,2022-09-12t13:09:00.000,2022-09-12t13:09:00.000,2022-09-12t13:09:00.000,ams,eham,13,a08,2022-09-12t15:00:00.000,2022-09-12t14:54:00.000,klm,kl,klm,920,kl920,klm920,,,,,
departure,active,sou,eghi,8,9.0,2022-09-13t13:05:00.000,2022-09-13t13:05:00.000,2022-09-13t13:14:00.000,2022-09-13t13:14:00.000,2022-09-13t13:14:00.000,ams,eham,13,a08,2022-09-13t15:20:00.000,2022-09-13t14:57:00.000,klm,kl,klm,920,kl920,klm920,,,,,
departure,active,sou,eghi,8,29.0,2022-09-14t12:45:00.000,2022-09-14t12:45:00.000,2022-09-14t13:13:00.000,2022-09-14t13:13:00.000,2022-09-14t13:13:00.000,ams,eham,13,a08,2022-09-14t15:00:00.000,2022-09-14t15:04:00.000,klm,kl,klm,920,kl920,klm920,,,,,5.0
departure,active,sou,eghi,8a,18.0,2022-09-15t12:45:00.000,2022-09-15t12:45:00.000,2022-09-15t13:03:00.000,2022-09-15t13:03:00.000,2022-09-15t13:03:00.000,ams,eham,10,a08,2022-09-15t15:00:00.000,2022-09-15t14:52:00.000,klm,kl,klm,920,kl920,klm920,,,,,
departure,active,sou,eghi,8,25.0,2022-09-16t12:45:00.000,2022-09-16t12:55:00.000,2022-09-16t13:09:00.000,2022-09-16t13:09:00.000,2022-09-16t13:09:00.000,ams,eham,12,a08,2022-09-16t15:00:00.000,2022-09-16t14:58:00.000,klm,kl,klm,920,kl920,klm920,,,,,
departure,active,sou,eghi,8,35.0,2022-09-17t17:20:00.000,2022-09-17t17:55:00.000,,,,ams,eham,13,d28,2022-09-17t19:35:00.000,,klm,kl,klm,920,kl920,klm920,,,,,
departure,active,sou,eghi,8a,40.0,2022-09-18t17:20:00.000,2022-09-18t17:35:00.000,2022-09-18t17:59:00.000,2022-09-18t17:59:00.000,2022-09-18t17:59:00.000,ams,eham,9,d29,2022-09-18t19:35:00.000,2022-09-18t19:50:00.000,klm,kl,klm,920,kl920,klm920,,,,,16.0
departure,active,sou,eghi,8,16.0,2022-09-19t12:45:00.000,2022-09-19t12:50:00.000,2022-09-19t13:00:00.000,2022-09-19t13:00:00.000,2022-09-19t13:00:00.000,ams,eham,11,a08,2022-09-19t15:00:00.000,2022-09-19t14:48:00.000,klm,kl,klm,920,kl920,klm920,,,,,
departure,active,sou,eghi,8,2.0,2022-09-20t13:05:00.000,2022-09-20t13:08:00.000,2022-09-20t13:06:00.000,2022-09-20t13:06:00.000,2022-09-20t13:06:00.000,ams,eham,8,a08,2022-09-20t15:20:00.000,2022-09-20t14:51:00.000,klm,kl,klm,920,kl920,klm920,,,,,
departure,active,sou,eghi,4,34.0,2022-09-21t12:50:00.000,2022-09-21t12:55:00.000,2022-09-21t13:23:00.000,2022-09-21t13:23:00.000,2022-09-21t13:23:00.000,ams,eham,11,a08,2022-09-21t15:05:00.000,2022-09-21t15:13:00.000,klm,kl,klm,920,kl920,klm920,,,,,9.0
departure,active,sou,eghi,1,18.0,2022-09-22t12:45:00.000,2022-09-22t12:45:00.000,2022-09-22t13:03:00.000,2022-09-22t13:03:00.000,2022-09-22t13:03:00.000,ams,eham,13,a08,2022-09-22t15:00:00.000,2022-09-22t14:54:00.000,klm,kl,klm,920,kl920,klm920,,,,,
departure,active,sou,eghi,8,36.0,2022-09-23t12:45:00.000,2022-09-23t12:45:00.000,2022-09-23t13:20:00.000,2022-09-23t13:20:00.000,2022-09-23t13:20:00.000,ams,eham,11,a08,2022-09-23t15:00:00.000,2022-09-23t15:09:00.000,klm,kl,klm,920,kl920,klm920,,,,,9.0
departure,active,sou,eghi,8a,17.0,2022-09-24t17:20:00.000,2022-09-24t17:20:00.000,2022-09-24t17:36:00.000,2022-09-24t17:36:00.000,2022-09-24t17:36:00.000,ams,eham,11,d23,2022-09-24t19:35:00.000,2022-09-24t19:26:00.000,klm,kl,klm,920,kl920,klm920,,,,,
departure,active,sou,eghi,7,24.0,2022-09-25t17:20:00.000,2022-09-25t17:44:00.000,,,,ams,eham,9,d27,2022-09-25t19:35:00.000,,klm,kl,klm,920,kl920,klm920,,,,,
departure,active,sou,eghi,8,16.0,2022-09-26t12:45:00.000,2022-09-26t12:57:00.000,2022-09-26t13:01:00.000,2022-09-26t13:01:00.000,2022-09-26t13:01:00.000,ams,eham,13,a08,2022-09-26t15:00:00.000,2022-09-26t14:50:00.000,klm,kl,klm,920,kl920,klm920,,,,,
departure,cancelled,sou,eghi,,,2022-09-27t13:05:00.000,,,,,ams,eham,,,2022-09-27t15:20:00.000,,klm,kl,klm,920,kl920,klm920,,,,,
departure,active,sou,eghi,3a,10.0,2022-09-28t12:50:00.000,2022-09-28t13:00:00.000,,,,ams,eham,9,a08,2022-09-28t15:05:00.000,,klm,kl,klm,920,kl920,klm920,,,,,
departure,active,sou,eghi,8,45.0,2022-09-29t12:45:00.000,2022-09-29t13:30:00.000,,,,ams,eham,13,a08,2022-09-29t15:00:00.000,,klm,kl,klm,920,kl920,klm920,,,,,
departure,active,sou,eghi,8,23.0,2022-09-30t12:45:00.000,2022-09-30t12:45:00.000,2022-09-30t13:07:00.000,2022-09-30t13:07:00.000,2022-09-30t13:07:00.000,ams,eham,13,a08,2022-09-30t15:00:00.000,2022-09-30t14:56:00.000,klm,kl,klm,920,kl920,klm920,,,,,
departure,active,sou,eghi,8,37.0,2022-10-01t17:20:00.000,2022-10-01t17:40:00.000,2022-10-01t17:56:00.000,2022-10-01t17:56:00.000,2022-10-01t17:56:00.000,ams,eham,13,a08,2022-10-01t19:35:00.000,2022-10-01t19:44:00.000,klm,kl,klm,920,kl920,klm920,2,,,,10.0
departure,active,sou,eghi,8a,27.0,2022-10-02t17:20:00.000,2022-10-02t17:41:00.000,2022-10-02t17:46:00.000,2022-10-02t17:46:00.000,2022-10-02t17:46:00.000,ams,eham,10,d23,2022-10-02t19:35:00.000,2022-10-02t19:36:00.000,klm,kl,klm,920,kl920,klm920,,,,,1.0
departure,active,sou,eghi,8,21.0,2022-10-03t12:45:00.000,2022-10-03t12:50:00.000,2022-10-03t13:06:00.000,2022-10-03t13:06:00.000,2022-10-03t13:06:00.000,ams,eham,13,a08,2022-10-03t15:00:00.000,2022-10-03t14:53:00.000,klm,kl,klm,920,kl920,klm920,2,,,,
departure,active,sou,eghi,8,13.0,2022-10-04t13:05:00.000,2022-10-04t13:05:00.000,2022-10-04t13:18:00.000,2022-10-04t13:18:00.000,2022-10-04t13:18:00.000,ams,eham,11,a08,2022-10-04t15:20:00.000,2022-10-04t15:04:00.000,klm,kl,klm,920,kl920,klm920,2,,,,
departure,active,sou,eghi,8,26.0,2022-10-05t12:45:00.000,2022-10-05t12:45:00.000,2022-10-05t13:11:00.000,2022-10-05t13:11:00.000,2022-10-05t13:11:00.000,ams,eham,10,a08,2022-10-05t15:00:00.000,2022-10-05t14:58:00.000,klm,kl,klm,920,kl920,klm920,,,,,
departure,active,sou,eghi,8,1.0,2022-10-07t12:45:00.000,2022-10-07t12:45:00.000,2022-10-07t12:45:00.000,2022-10-07t12:45:00.000,2022-10-07t12:45:00.000,ams,eham,12,a08,2022-10-07t15:00:00.000,2022-10-07t14:34:00.000,klm,kl,klm,920,kl920,klm920,,2022-10-07t14:27:00.000,2022-10-07t14:27:00.000,2022-10-07t14:27:00.000,
departure,active,sou,eghi,8,15.0,2022-10-09t17:20:00.000,2022-10-09t17:20:00.000,2022-10-09t17:35:00.000,2022-10-09t17:35:00.000,2022-10-09t17:35:00.000,ams,eham,13,a08,2022-10-09t19:35:00.000,2022-10-09t19:25:00.000,klm,kl,klm,920,kl920,klm920,,,,,
departure,active,sou,eghi,8,22.0,2022-10-10t12:45:00.000,2022-10-10t12:50:00.000,2022-10-10t13:07:00.000,2022-10-10t13:07:00.000,2022-10-10t13:07:00.000,ams,eham,13,a08,2022-10-10t15:00:00.000,2022-10-10t14:54:00.000,klm,kl,klm,920,kl920,klm920,,,,,
departure,active,sou,eghi,7,20.0,2022-10-11t13:05:00.000,2022-10-11t13:05:00.000,2022-10-11t13:25:00.000,2022-10-11t13:25:00.000,2022-10-11t13:25:00.000,ams,eham,11,a08,2022-10-11t15:20:00.000,2022-10-11t15:11:00.000,klm,kl,klm,920,kl920,klm920,,,,,
departure,active,sou,eghi,8,30.0,2022-10-12t12:45:00.000,2022-10-12t13:14:00.000,2022-10-12t13:14:00.000,2022-10-12t13:14:00.000,2022-10-12t13:14:00.000,ams,eham,9,a08,2022-10-12t15:00:00.000,2022-10-12t15:00:00.000,klm,kl,klm,920,kl920,klm920,,,,,1.0
departure,active,sou,eghi,8,9.0,2022-10-13t12:45:00.000,2022-10-13t12:45:00.000,2022-10-13t12:53:00.000,2022-10-13t12:53:00.000,2022-10-13t12:53:00.000,ams,eham,9,a08,2022-10-13t15:00:00.000,2022-10-13t14:42:00.000,klm,kl,klm,920,kl920,klm920,,,,,
departure,active,sou,eghi,8,9.0,2022-10-14t12:45:00.000,2022-10-14t12:54:00.000,2022-10-14t12:53:00.000,2022-10-14t12:53:00.000,2022-10-14t12:53:00.000,ams,eham,13,a08,2022-10-14t15:00:00.000,2022-10-14t14:38:00.000,klm,kl,klm,920,kl920,klm920,,,,,
departure,active,sou,eghi,8,33.0,2022-10-15t17:20:00.000,2022-10-15t17:35:00.000,2022-10-15t17:53:00.000,2022-10-15t17:53:00.000,2022-10-15t17:53:00.000,ams,eham,12,a08,2022-10-15t19:35:00.000,2022-10-15t19:42:00.000,klm,kl,klm,920,kl920,klm920,,,,,7.0
departure,active,sou,eghi,8,36.0,2022-10-16t17:20:00.000,2022-10-16t17:25:00.000,2022-10-16t17:55:00.000,2022-10-16t17:55:00.000,2022-10-16t17:55:00.000,ams,eham,18,a08,2022-10-16t19:35:00.000,2022-10-16t19:40:00.000,klm,kl,klm,920,kl920,klm920,,,,,5.0
departure,active,sou,eghi,8,19.0,2022-10-17t12:45:00.000,2022-10-17t12:45:00.000,2022-10-17t13:03:00.000,2022-10-17t13:03:00.000,2022-10-17t13:03:00.000,ams,eham,12,a08,2022-10-17t15:00:00.000,2022-10-17t14:43:00.000,klm,kl,klm,920,kl920,klm920,,,,,
departure,active,sou,eghi,8a,28.0,2022-10-19t12:45:00.000,2022-10-19t12:45:00.000,2022-10-19t13:12:00.000,2022-10-19t13:12:00.000,2022-10-19t13:12:00.000,ams,eham,12,a08,2022-10-19t15:00:00.000,2022-10-19t15:04:00.000,klm,kl,klm,920,kl920,klm920,,,,,4.0
departure,active,sou,eghi,8,,2022-10-20t12:45:00.000,2022-10-20t12:45:00.000,2022-10-20t12:42:00.000,2022-10-20t12:42:00.000,2022-10-20t12:42:00.000,ams,eham,10,a08,2022-10-20t15:00:00.000,2022-10-20t14:28:00.000,klm,kl,klm,920,kl920,klm920,2,2022-10-20t14:30:00.000,2022-10-20t14:30:00.000,2022-10-20t14:30:00.000,
departure,active,sou,eghi,7,11.0,2022-10-21t12:45:00.000,2022-10-21t12:45:00.000,2022-10-21t12:55:00.000,2022-10-21t12:55:00.000,2022-10-21t12:55:00.000,ams,eham,10,a08,2022-10-21t15:00:00.000,2022-10-21t14:42:00.000,klm,kl,klm,920,kl920,klm920,,,,,
departure,active,sou,eghi,2,10.0,2022-10-22t17:20:00.000,2022-10-22t17:20:00.000,2022-10-22t17:29:00.000,2022-10-22t17:29:00.000,2022-10-22t17:29:00.000,ams,eham,8,d29,2022-10-22t19:35:00.000,2022-10-22t19:15:00.000,klm,kl,klm,920,kl920,klm920,2,,,,
departure,active,sou,eghi,8,5.0,2022-10-23t17:20:00.000,2022-10-23t17:20:00.000,2022-10-23t17:24:00.000,2022-10-23t17:24:00.000,2022-10-23t17:24:00.000,ams,eham,9,d26,2022-10-23t19:35:00.000,2022-10-23t19:08:00.000,klm,kl,klm,920,kl920,klm920,2,,,,
departure,active,sou,eghi,8,5.0,2022-10-24t12:45:00.000,2022-10-24t12:45:00.000,2022-10-24t12:49:00.000,2022-10-24t12:49:00.000,2022-10-24t12:49:00.000,ams,eham,11,a08,2022-10-24t15:00:00.000,2022-10-24t14:40:00.000,klm,kl,klm,920,kl920,klm920,2,2022-10-24t14:39:00.000,2022-10-24t14:39:00.000,2022-10-24t14:39:00.000,
departure,active,sou,eghi,8,12.0,2022-10-26t12:45:00.000,2022-10-26t12:45:00.000,2022-10-26t12:57:00.000,2022-10-26t12:57:00.000,2022-10-26t12:57:00.000,ams,eham,12,a08,2022-10-26t15:00:00.000,2022-10-26t14:42:00.000,klm,kl,klm,920,kl920,klm920,,,,,
departure,active,sou,eghi,8,13.0,2022-10-27t12:45:00.000,2022-10-27t12:59:00.000,2022-10-27t12:58:00.000,2022-10-27t12:58:00.000,2022-10-27t12:58:00.000,ams,eham,9,a08,2022-10-27t14:55:00.000,2022-10-27t14:42:00.000,klm,kl,klm,920,kl920,klm920,2,,,,
departure,active,sou,eghi,1,31.0,2022-10-28t12:45:00.000,2022-10-28t13:00:00.000,2022-10-28t13:15:00.000,2022-10-28t13:15:00.000,2022-10-28t13:15:00.000,ams,eham,11,a08,2022-10-28t15:00:00.000,2022-10-28t15:03:00.000,klm,kl,klm,920,kl920,klm920,,,,,4.0
departure,active,sou,eghi,7,1.0,2022-10-29t17:20:00.000,2022-10-29t17:20:00.000,2022-10-29t17:20:00.000,2022-10-29t17:20:00.000,2022-10-29t17:20:00.000,ams,eham,13,a08,2022-10-29t19:35:00.000,2022-10-29t19:07:00.000,klm,kl,klm,920,kl920,klm920,,2022-10-29t19:12:00.000,2022-10-29t19:12:00.000,2022-10-29t19:12:00.000,
departure,active,sou,eghi,8,,2022-10-30t09:20:00.000,2022-10-30t09:20:00.000,2022-10-30t09:18:00.000,2022-10-30t09:18:00.000,2022-10-30t09:18:00.000,ams,eham,11,a08,2022-10-30t11:35:00.000,2022-10-30t11:07:00.000,klm,kl,klm,916,kl916,klm916,,2022-10-30t11:06:00.000,2022-10-30t11:06:00.000,2022-10-30t11:06:00.000,
departure,active,sou,eghi,8a,9.0,2022-10-30t17:25:00.000,2022-10-30t17:33:00.000,2022-10-30t17:34:00.000,2022-10-30t17:34:00.000,2022-10-30t17:34:00.000,ams,eham,8,a08,2022-10-30t19:40:00.000,2022-10-30t19:22:00.000,klm,kl,klm,920,kl920,klm920,,,,,
departure,active,sou,eghi,8,6.0,2022-10-31t09:20:00.000,2022-10-31t09:25:00.000,2022-10-31t09:25:00.000,2022-10-31t09:25:00.000,2022-10-31t09:25:00.000,ams,eham,13,a08,2022-10-31t11:35:00.000,2022-10-31t11:15:00.000,klm,kl,klm,916,kl916,klm916,2,,,,
departure,active,sou,eghi,8a,19.0,2022-10-31t17:20:00.000,2022-10-31t17:20:00.000,2022-10-31t17:38:00.000,2022-10-31t17:38:00.000,2022-10-31t17:38:00.000,ams,eham,9,a08,2022-10-31t19:35:00.000,2022-10-31t19:31:00.000,klm,kl,klm,920,kl920,klm920,,,,,
departure,active,sou,eghi,8,13.0,2022-11-01t09:20:00.000,2022-11-01t09:34:00.000,2022-11-01t09:33:00.000,2022-11-01t09:33:00.000,2022-11-01t09:33:00.000,ams,eham,8,a08,2022-11-01t11:35:00.000,2022-11-01t11:18:00.000,klm,kl,klm,916,kl916,klm916,,,,,
departure,active,sou,eghi,8,10.0,2022-11-02t09:20:00.000,2022-11-02t09:20:00.000,2022-11-02t09:29:00.000,2022-11-02t09:29:00.000,2022-11-02t09:29:00.000,ams,eham,12,a08,2022-11-02t11:35:00.000,2022-11-02t11:17:00.000,klm,kl,klm,916,kl916,klm916,2,2022-11-02t11:16:00.000,2022-11-02t11:16:00.000,2022-11-02t11:16:00.000,
departure,active,sou,eghi,8,13.0,2022-11-02t17:20:00.000,2022-11-02t17:34:00.000,2022-11-02t17:33:00.000,2022-11-02t17:33:00.000,2022-11-02t17:33:00.000,ams,eham,11,a08,2022-11-02t19:35:00.000,2022-11-02t19:18:00.000,klm,kl,klm,920,kl920,klm920,,,,,
departure,active,sou,eghi,8,,2022-11-03t09:20:00.000,2022-11-03t09:20:00.000,2022-11-03t09:18:00.000,2022-11-03t09:18:00.000,2022-11-03t09:18:00.000,ams,eham,13,a08,2022-11-03t11:35:00.000,2022-11-03t11:05:00.000,klm,kl,klm,916,kl916,klm916,,,,,
departure,active,sou,eghi,7,28.0,2022-11-04t09:20:00.000,2022-11-04t09:20:00.000,2022-11-04t09:48:00.000,2022-11-04t09:48:00.000,2022-11-04t09:48:00.000,ams,eham,11,a08,2022-11-04t11:35:00.000,2022-11-04t11:35:00.000,klm,kl,klm,916,kl916,klm916,,,,,1.0
departure,active,sou,eghi,8,15.0,2022-11-04t17:20:00.000,2022-11-04t17:20:00.000,2022-11-04t17:35:00.000,2022-11-04t17:35:00.000,2022-11-04t17:35:00.000,ams,eham,13,a08,2022-11-04t19:35:00.000,2022-11-04t19:28:00.000,klm,kl,klm,920,kl920,klm920,,,,,
departure,active,sou,eghi,7,6.0,2022-11-05t09:20:00.000,2022-11-05t09:20:00.000,2022-11-05t09:25:00.000,2022-11-05t09:25:00.000,2022-11-05t09:25:00.000,ams,eham,9,a08,2022-11-05t11:35:00.000,2022-11-05t11:10:00.000,klm,kl,klm,916,kl916,klm916,,,,,
departure,active,sou,eghi,8,21.0,2022-11-06t09:20:00.000,2022-11-06t09:36:00.000,2022-11-06t09:41:00.000,2022-11-06t09:41:00.000,2022-11-06t09:41:00.000,ams,eham,8,a08,2022-11-06t11:35:00.000,2022-11-06t11:31:00.000,klm,kl,klm,916,kl916,klm916,,,,,
departure,active,sou,eghi,4,16.0,2022-11-06t17:25:00.000,2022-11-06t17:40:00.000,2022-11-06t17:40:00.000,2022-11-06t17:40:00.000,2022-11-06t17:40:00.000,ams,eham,12,d31,2022-11-06t19:40:00.000,2022-11-06t19:24:00.000,klm,kl,klm,920,kl920,klm920,,,,,
departure,active,sou,eghi,8,13.0,2022-11-07t09:20:00.000,2022-11-07t09:30:00.000,2022-11-07t09:33:00.000,2022-11-07t09:33:00.000,2022-11-07t09:33:00.000,ams,eham,11,a08,2022-11-07t11:35:00.000,2022-11-07t11:20:00.000,klm,kl,klm,916,kl916,klm916,,,,,
departure,active,sou,eghi,8,13.0,2022-11-07t17:20:00.000,2022-11-07t17:20:00.000,2022-11-07t17:32:00.000,2022-11-07t17:32:00.000,2022-11-07t17:32:00.000,ams,eham,8,a08,2022-11-07t19:35:00.000,2022-11-07t19:20:00.000,klm,kl,klm,920,kl920,klm920,2,,,,
departure,active,sou,eghi,1,13.0,2022-11-08t09:20:00.000,2022-11-08t09:30:00.000,2022-11-08t09:33:00.000,2022-11-08t09:33:00.000,2022-11-08t09:33:00.000,ams,eham,9,a08,2022-11-08t11:35:00.000,2022-11-08t11:20:00.000,klm,kl,klm,916,kl916,klm916,,,,,
departure,active,sou,eghi,8,5.0,2022-11-09t09:20:00.000,2022-11-09t09:20:00.000,2022-11-09t09:24:00.000,2022-11-09t09:24:00.000,2022-11-09t09:24:00.000,ams,eham,10,a08,2022-11-09t11:35:00.000,2022-11-09t11:12:00.000,klm,kl,klm,916,kl916,klm916,,2022-11-09t11:12:00.000,2022-11-09t11:12:00.000,2022-11-09t11:12:00.000,
departure,active,sou,eghi,8,3.0,2022-11-09t17:20:00.000,2022-11-09t17:25:00.000,2022-11-09t17:23:00.000,2022-11-09t17:23:00.000,2022-11-09t17:23:00.000,ams,eham,12,d23,2022-11-09t19:35:00.000,2022-11-09t19:10:00.000,klm,kl,klm,920,kl920,klm920,,,,,
departure,active,sou,eghi,8,1.0,2022-11-10t09:20:00.000,2022-11-10t09:21:00.000,2022-11-10t09:21:00.000,2022-11-10t09:21:00.000,2022-11-10t09:21:00.000,ams,eham,9,a08,2022-11-10t11:35:00.000,2022-11-10t11:07:00.000,klm,kl,klm,916,kl916,klm916,,,,,
departure,active,sou,eghi,7,12.0,2022-11-11t09:20:00.000,2022-11-11t09:20:00.000,2022-11-11t09:32:00.000,2022-11-11t09:32:00.000,2022-11-11t09:32:00.000,ams,eham,10,a08,2022-11-11t11:35:00.000,2022-11-11t11:13:00.000,klm,kl,klm,916,kl916,klm916,,,,,
departure,active,sou,eghi,8,14.0,2022-11-11t17:20:00.000,2022-11-11t17:20:00.000,2022-11-11t17:33:00.000,2022-11-11t17:33:00.000,2022-11-11t17:33:00.000,ams,eham,11,d12,2022-11-11t19:35:00.000,2022-11-11t19:21:00.000,klm,kl,klm,920,kl920,klm920,2,,,,
departure,active,sou,eghi,8,,2022-11-12t09:20:00.000,2022-11-12t09:20:00.000,2022-11-12t09:18:00.000,2022-11-12t09:18:00.000,2022-11-12t09:18:00.000,ams,eham,11,a08,2022-11-12t11:35:00.000,2022-11-12t11:05:00.000,klm,kl,klm,916,kl916,klm916,2,,,,
departure,active,sou,eghi,1,,2022-11-13t09:20:00.000,2022-11-13t09:20:00.000,2022-11-13t09:14:00.000,2022-11-13t09:14:00.000,2022-11-13t09:14:00.000,ams,eham,11,a08,2022-11-13t11:35:00.000,2022-11-13t11:03:00.000,klm,kl,klm,916,kl916,klm916,2,2022-11-13t11:08:00.000,2022-11-13t11:08:00.000,2022-11-13t11:08:00.000,
departure,active,sou,eghi,8,4.0,2022-11-13t17:25:00.000,2022-11-13t17:25:00.000,2022-11-13t17:28:00.000,2022-11-13t17:28:00.000,2022-11-13t17:28:00.000,ams,eham,10,d29,2022-11-13t19:40:00.000,2022-11-13t19:15:00.000,klm,kl,klm,920,kl920,klm920,,,,,
departure,active,sou,eghi,1,21.0,2022-11-14t09:20:00.000,2022-11-14t09:20:00.000,2022-11-14t09:40:00.000,2022-11-14t09:40:00.000,2022-11-14t09:40:00.000,ams,eham,9,a08,2022-11-14t11:35:00.000,2022-11-14t11:25:00.000,klm,kl,klm,916,kl916,klm916,,,,,
departure,active,sou,eghi,8,10.0,2022-11-14t17:20:00.000,2022-11-14t17:30:00.000,2022-11-14t17:29:00.000,2022-11-14t17:29:00.000,2022-11-14t17:29:00.000,ams,eham,13,a08,2022-11-14t19:35:00.000,2022-11-14t19:16:00.000,klm,kl,klm,920,kl920,klm920,,,,,
departure,active,sou,eghi,8,12.0,2022-11-15t09:20:00.000,2022-11-15t09:29:00.000,2022-11-15t09:31:00.000,2022-11-15t09:31:00.000,2022-11-15t09:31:00.000,ams,eham,11,a08,2022-11-15t11:35:00.000,2022-11-15t11:20:00.000,klm,kl,klm,916,kl916,klm916,2,,,,
departure,active,sou,eghi,1,,2022-11-16t09:20:00.000,2022-11-16t09:20:00.000,2022-11-16t09:15:00.000,2022-11-16t09:15:00.000,2022-11-16t09:15:00.000,ams,eham,10,a08,2022-11-16t11:35:00.000,2022-11-16t11:07:00.000,klm,kl,klm,916,kl916,klm916,2,2022-11-16t11:08:00.000,2022-11-16t11:08:00.000,2022-11-16t11:08:00.000,
departure,active,sou,eghi,8a,7.0,2022-11-16t17:20:00.000,2022-11-16t17:20:00.000,2022-11-16t17:27:00.000,2022-11-16t17:27:00.000,2022-11-16t17:27:00.000,ams,eham,8,a08,2022-11-16t19:35:00.000,2022-11-16t19:12:00.000,klm,kl,klm,920,kl920,klm920,2,,,,
departure,active,sou,eghi,8a,5.0,2022-11-17t09:20:00.000,2022-11-17t09:20:00.000,2022-11-17t09:24:00.000,2022-11-17t09:24:00.000,2022-11-17t09:24:00.000,ams,eham,11,a08,2022-11-17t11:35:00.000,2022-11-17t11:18:00.000,klm,kl,klm,916,kl916,klm916,2,,,,
departure,active,sou,eghi,8,7.0,2022-11-18t09:20:00.000,2022-11-18t09:20:00.000,2022-11-18t09:27:00.000,2022-11-18t09:27:00.000,2022-11-18t09:27:00.000,ams,eham,13,a08,2022-11-18t11:35:00.000,2022-11-18t11:19:00.000,klm,kl,klm,916,kl916,klm916,,,,,
departure,active,sou,eghi,8,5.0,2022-11-18t17:20:00.000,2022-11-18t17:20:00.000,2022-11-18t17:24:00.000,2022-11-18t17:24:00.000,2022-11-18t17:24:00.000,ams,eham,11,a08,2022-11-18t19:35:00.000,2022-11-18t19:08:00.000,klm,kl,klm,920,kl920,klm920,,,,,
departure,active,sou,eghi,8,8.0,2022-11-19t09:20:00.000,2022-11-19t09:20:00.000,2022-11-19t09:27:00.000,2022-11-19t09:27:00.000,2022-11-19t09:27:00.000,ams,eham,12,a08,2022-11-19t11:35:00.000,2022-11-19t11:12:00.000,klm,kl,klm,916,kl916,klm916,,,,,
departure,active,sou,eghi,8,21.0,2022-11-20t09:20:00.000,2022-11-20t09:35:00.000,2022-11-20t09:40:00.000,2022-11-20t09:40:00.000,2022-11-20t09:40:00.000,ams,eham,8,a08,2022-11-20t11:35:00.000,2022-11-20t11:27:00.000,klm,kl,klm,916,kl916,klm916,,,,,
departure,active,sou,eghi,1,16.0,2022-11-20t17:25:00.000,2022-11-20t17:35:00.000,2022-11-20t17:41:00.000,2022-11-20t17:41:00.000,2022-11-20t17:41:00.000,ams,eham,9,a08,2022-11-20t19:40:00.000,2022-11-20t19:26:00.000,klm,kl,klm,920,kl920,klm920,2,,,,
departure,active,sou,eghi,8,21.0,2022-11-21t09:20:00.000,2022-11-21t09:44:00.000,2022-11-21t09:41:00.000,2022-11-21t09:41:00.000,2022-11-21t09:41:00.000,ams,eham,8,a08,2022-11-21t11:35:00.000,2022-11-21t11:28:00.000,klm,kl,klm,916,kl916,klm916,,,,,
departure,active,sou,eghi,8,8.0,2022-11-21t17:20:00.000,2022-11-21t17:20:00.000,2022-11-21t17:27:00.000,2022-11-21t17:27:00.000,2022-11-21t17:27:00.000,ams,eham,13,a08,2022-11-21t19:35:00.000,2022-11-21t19:17:00.000,klm,kl,klm,920,kl920,klm920,,,,,
departure,active,sou,eghi,1,,2022-11-22t09:20:00.000,2022-11-22t09:20:00.000,2022-11-22t09:19:00.000,2022-11-22t09:19:00.000,2022-11-22t09:19:00.000,ams,eham,12,a08,2022-11-22t11:35:00.000,2022-11-22t11:10:00.000,klm,kl,klm,916,kl916,klm916,,,,,
departure,active,sou,eghi,8a,,2022-11-23t09:20:00.000,2022-11-23t09:11:00.000,2022-11-23t09:08:00.000,2022-11-23t09:08:00.000,2022-11-23t09:08:00.000,ams,eham,10,a08,2022-11-23t11:35:00.000,2022-11-23t10:55:00.000,klm,kl,klm,916,kl916,klm916,2,2022-11-23t10:58:00.000,2022-11-23t10:58:00.000,2022-11-23t10:58:00.000,
departure,active,sou,eghi,8,19.0,2022-11-23t17:20:00.000,2022-11-23t17:30:00.000,2022-11-23t17:39:00.000,2022-11-23t17:39:00.000,2022-11-23t17:39:00.000,ams,eham,12,a08,2022-11-23t19:35:00.000,2022-11-23t19:28:00.000,klm,kl,klm,920,kl920,klm920,2,,,,
departure,active,sou,eghi,8,9.0,2022-11-24t09:20:00.000,2022-11-24t09:20:00.000,2022-11-24t09:29:00.000,2022-11-24t09:29:00.000,2022-11-24t09:29:00.000,ams,eham,9,a08,2022-11-24t11:35:00.000,2022-11-24t11:14:00.000,klm,kl,klm,916,kl916,klm916,,,,,
departure,active,sou,eghi,8,12.0,2022-11-25t09:20:00.000,2022-11-25t09:20:00.000,2022-11-25t09:32:00.000,2022-11-25t09:32:00.000,2022-11-25t09:32:00.000,ams,eham,10,a08,2022-11-25t11:35:00.000,2022-11-25t11:18:00.000,klm,kl,klm,916,kl916,klm916,,,,,
departure,active,sou,eghi,8,9.0,2022-11-25t17:20:00.000,2022-11-25t17:20:00.000,2022-11-25t17:29:00.000,2022-11-25t17:29:00.000,2022-11-25t17:29:00.000,ams,eham,11,a08,2022-11-25t19:35:00.000,2022-11-25t19:15:00.000,klm,kl,klm,920,kl920,klm920,2,,,,
departure,active,sou,eghi,2,2.0,2022-11-26t09:20:00.000,2022-11-26t09:20:00.000,2022-11-26t09:22:00.000,2022-11-26t09:22:00.000,2022-11-26t09:22:00.000,ams,eham,12,a08,2022-11-26t11:35:00.000,2022-11-26t11:03:00.000,klm,kl,klm,916,kl916,klm916,2,,,,
departure,active,sou,eghi,2,8.0,2022-11-27t09:20:00.000,2022-11-27t09:23:00.000,2022-11-27t09:28:00.000,2022-11-27t09:28:00.000,2022-11-27t09:28:00.000,ams,eham,13,a08,2022-11-27t11:35:00.000,2022-11-27t11:10:00.000,klm,kl,klm,916,kl916,klm916,,,,,
departure,active,sou,eghi,8,10.0,2022-11-27t17:25:00.000,2022-11-27t17:35:00.000,2022-11-27t17:34:00.000,2022-11-27t17:34:00.000,2022-11-27t17:34:00.000,ams,eham,13,a08,2022-11-27t19:40:00.000,2022-11-27t19:22:00.000,klm,kl,klm,920,kl920,klm920,,,,,
departure,active,sou,eghi,8,35.0,2022-11-28t09:20:00.000,2022-11-28t09:52:00.000,2022-11-28t09:54:00.000,2022-11-28t09:54:00.000,2022-11-28t09:54:00.000,ams,eham,9,a08,2022-11-28t11:35:00.000,2022-11-28t11:44:00.000,klm,kl,klm,916,kl916,klm916,2,,,,9.0
departure,active,sou,eghi,8,7.0,2022-11-28t17:20:00.000,2022-11-28t17:20:00.000,2022-11-28t17:27:00.000,2022-11-28t17:27:00.000,2022-11-28t17:27:00.000,ams,eham,8,a08,2022-11-28t19:35:00.000,2022-11-28t19:21:00.000,klm,kl,klm,920,kl920,klm920,,,,,
departure,active,sou,eghi,8,40.0,2022-11-29t09:20:00.000,2022-11-29t10:00:00.000,,,,ams,eham,13,a08,2022-11-29t11:35:00.000,,klm,kl,klm,916,kl916,klm916,,,,,
departure,active,sou,eghi,2,,2022-11-30t09:20:00.000,2022-11-30t09:20:00.000,2022-11-30t09:15:00.000,2022-11-30t09:15:00.000,2022-11-30t09:15:00.000,ams,eham,8,a08,2022-11-30t11:35:00.000,2022-11-30t11:02:00.000,klm,kl,klm,916,kl916,klm916,2,2022-11-30t11:04:00.000,2022-11-30t11:04:00.000,2022-11-30t11:04:00.000,
departure,active,sou,eghi,8,8.0,2022-11-30t17:20:00.000,2022-11-30t17:28:00.000,2022-11-30t17:28:00.000,2022-11-30t17:28:00.000,2022-11-30t17:28:00.000,ams,eham,13,d26,2022-11-30t19:35:00.000,2022-11-30t19:23:00.000,klm,kl,klm,920,kl920,klm920,,,,,
departure,active,sou,eghi,8,34.0,2022-12-01t09:20:00.000,2022-12-01t09:45:00.000,2022-12-01t09:54:00.000,2022-12-01t09:54:00.000,2022-12-01t09:54:00.000,ams,eham,11,a08,2022-12-01t11:35:00.000,2022-12-01t11:44:00.000,klm,kl,klm,916,kl916,klm916,,,,,9.0
departure,active,sou,eghi,8,26.0,2022-12-02t09:20:00.000,2022-12-02t09:30:00.000,2022-12-02t09:46:00.000,2022-12-02t09:46:00.000,2022-12-02t09:46:00.000,ams,eham,9,a08,2022-12-02t11:35:00.000,2022-12-02t11:40:00.000,klm,kl,klm,916,kl916,klm916,,,,,6.0
departure,active,sou,eghi,2,27.0,2022-12-02t17:20:00.000,2022-12-02t17:30:00.000,2022-12-02t17:47:00.000,2022-12-02t17:47:00.000,2022-12-02t17:47:00.000,ams,eham,12,a08,2022-12-02t19:35:00.000,2022-12-02t19:46:00.000,klm,kl,klm,920,kl920,klm920,,,,,11.0
departure,active,sou,eghi,8,8.0,2022-12-03t09:20:00.000,2022-12-03t09:29:00.000,2022-12-03t09:28:00.000,2022-12-03t09:28:00.000,2022-12-03t09:28:00.000,ams,eham,13,a08,2022-12-03t11:35:00.000,2022-12-03t11:16:00.000,klm,kl,klm,916,kl916,klm916,,,,,
departure,active,sou,eghi,8,,2022-12-04t09:20:00.000,2022-12-04t09:21:00.000,2022-12-04t09:19:00.000,2022-12-04t09:19:00.000,2022-12-04t09:19:00.000,ams,eham,11,a08,2022-12-04t11:35:00.000,2022-12-04t11:07:00.000,klm,kl,klm,916,kl916,klm916,2,2022-12-04t11:11:00.000,2022-12-04t11:11:00.000,2022-12-04t11:11:00.000,
departure,active,sou,eghi,8,25.0,2022-12-04t17:25:00.000,2022-12-04t17:40:00.000,2022-12-04t17:50:00.000,2022-12-04t17:50:00.000,2022-12-04t17:50:00.000,ams,eham,13,a08,2022-12-04t19:40:00.000,2022-12-04t19:43:00.000,klm,kl,klm,920,kl920,klm920,,,,,4.0
departure,active,sou,eghi,8,,2022-12-05t09:20:00.000,2022-12-05t09:23:00.000,2022-12-05t09:19:00.000,2022-12-05t09:19:00.000,2022-12-05t09:19:00.000,ams,eham,9,a08,2022-12-05t11:35:00.000,2022-12-05t11:12:00.000,klm,kl,klm,916,kl916,klm916,2,,,,
departure,active,sou,eghi,8,24.0,2022-12-05t17:20:00.000,2022-12-05t17:20:00.000,2022-12-05t17:44:00.000,2022-12-05t17:44:00.000,2022-12-05t17:44:00.000,ams,eham,13,a08,2022-12-05t19:35:00.000,2022-12-05t19:35:00.000,klm,kl,klm,920,kl920,klm920,,,,,1.0
departure,active,sou,eghi,8,6.0,2022-12-06t09:20:00.000,2022-12-06t09:20:00.000,2022-12-06t09:26:00.000,2022-12-06t09:26:00.000,2022-12-06t09:26:00.000,ams,eham,9,a08,2022-12-06t11:35:00.000,2022-12-06t11:17:00.000,klm,kl,klm,916,kl916,klm916,,,,,
departure,active,sou,eghi,8,12.0,2022-12-07t09:20:00.000,2022-12-07t09:20:00.000,2022-12-07t09:31:00.000,2022-12-07t09:31:00.000,2022-12-07t09:31:00.000,ams,eham,11,a08,2022-12-07t11:35:00.000,2022-12-07t11:27:00.000,klm,kl,klm,916,kl916,klm916,,,,,
departure,active,sou,eghi,8a,17.0,2022-12-07t17:20:00.000,2022-12-07t17:20:00.000,2022-12-07t17:37:00.000,2022-12-07t17:37:00.000,2022-12-07t17:37:00.000,ams,eham,10,a08,2022-12-07t19:35:00.000,2022-12-07t19:28:00.000,klm,kl,klm,920,kl920,klm920,2,,,,
departure,active,sou,eghi,8,24.0,2022-12-08t09:20:00.000,2022-12-08t09:30:00.000,2022-12-08t09:44:00.000,2022-12-08t09:44:00.000,2022-12-08t09:44:00.000,ams,eham,9,a08,2022-12-08t11:35:00.000,2022-12-08t11:31:00.000,klm,kl,klm,916,kl916,klm916,,,,,
departure,active,sou,eghi,8,60.0,2022-12-09t09:20:00.000,2022-12-09t10:20:00.000,,,,ams,eham,12,a08,2022-12-09t11:35:00.000,,klm,kl,klm,916,kl916,klm916,,,,,
departure,active,sou,eghi,8,47.0,2022-12-09t17:20:00.000,2022-12-09t17:49:00.000,2022-12-09t18:07:00.000,2022-12-09t18:07:00.000,2022-12-09t18:07:00.000,ams,eham,12,a08,2022-12-09t19:35:00.000,2022-12-09t19:57:00.000,klm,kl,klm,920,kl920,klm920,,,,,22.0
departure,active,sou,eghi,,90.0,2022-12-10t09:20:00.000,2022-12-10t10:50:00.000,,,,ams,eham,13,a08,2022-12-10t11:35:00.000,,klm,kl,klm,916,kl916,klm916,,,,,
departure,active,sou,eghi,8,,2022-12-11t09:20:00.000,2022-12-11t09:16:00.000,2022-12-11t09:19:00.000,2022-12-11t09:19:00.000,2022-12-11t09:19:00.000,ams,eham,12,a08,2022-12-11t11:35:00.000,2022-12-11t11:10:00.000,klm,kl,klm,916,kl916,klm916,2,,,,
departure,active,sou,eghi,8,23.0,2022-12-11t17:20:00.000,2022-12-11t17:30:00.000,2022-12-11t17:43:00.000,2022-12-11t17:43:00.000,2022-12-11t17:43:00.000,ams,eham,13,a08,2022-12-11t19:35:00.000,2022-12-11t19:32:00.000,klm,kl,klm,920,kl920,klm920,2,,,,
departure,active,sou,eghi,8,10.0,2022-12-12t09:20:00.000,2022-12-12t09:30:00.000,,,,ams,eham,9,a08,2022-12-12t11:35:00.000,,klm,kl,klm,916,kl916,klm916,,,,,
departure,active,sou,eghi,8,35.0,2022-12-12t17:20:00.000,2022-12-12t17:55:00.000,,,,ams,eham,13,a08,2022-12-12t19:35:00.000,,klm,kl,klm,920,kl920,klm920,,,,,
departure,active,sou,eghi,8,14.0,2022-12-13t09:20:00.000,2022-12-13t09:20:00.000,2022-12-13t09:33:00.000,2022-12-13t09:33:00.000,2022-12-13t09:33:00.000,ams,eham,13,a08,2022-12-13t11:35:00.000,2022-12-13t11:23:00.000,klm,kl,klm,916,kl916,klm916,,,,,
departure,active,sou,eghi,8,9.0,2022-12-14t09:20:00.000,2022-12-14t09:20:00.000,2022-12-14t09:28:00.000,2022-12-14t09:28:00.000,2022-12-14t09:28:00.000,ams,eham,9,a08,2022-12-14t11:35:00.000,2022-12-14t11:19:00.000,klm,kl,klm,916,kl916,klm916,2,,,,
departure,active,sou,eghi,8,32.0,2022-12-14t17:20:00.000,2022-12-14t17:35:00.000,2022-12-14t17:51:00.000,2022-12-14t17:51:00.000,2022-12-14t17:51:00.000,ams,eham,12,a08,2022-12-14t19:35:00.000,2022-12-14t19:40:00.000,klm,kl,klm,920,kl920,klm920,,,,,6.0
departure,active,sou,eghi,8,35.0,2022-12-15t09:20:00.000,2022-12-15t09:55:00.000,,,,ams,eham,12,a08,2022-12-15t11:35:00.000,,klm,kl,klm,916,kl916,klm916,,,,,
departure,active,sou,eghi,8,23.0,2022-12-16t09:20:00.000,2022-12-16t09:20:00.000,2022-12-16t09:43:00.000,2022-12-16t09:43:00.000,2022-12-16t09:43:00.000,ams,eham,13,a08,2022-12-16t11:35:00.000,2022-12-16t11:34:00.000,klm,kl,klm,916,kl916,klm916,,,,,
departure,active,sou,eghi,8,45.0,2022-12-16t17:20:00.000,2022-12-16t18:05:00.000,,,,ams,eham,11,a08,2022-12-16t19:35:00.000,,klm,kl,klm,920,kl920,klm920,,,,,
departure,active,sou,eghi,8,33.0,2022-12-17t09:20:00.000,2022-12-17t09:45:00.000,2022-12-17t09:53:00.000,2022-12-17t09:53:00.000,2022-12-17t09:53:00.000,ams,eham,9,a08,2022-12-17t11:35:00.000,2022-12-17t11:42:00.000,klm,kl,klm,916,kl916,klm916,,,,,7.0
departure,active,sou,eghi,8,38.0,2022-12-18t09:20:00.000,2022-12-18t09:50:00.000,2022-12-18t09:58:00.000,2022-12-18t09:58:00.000,2022-12-18t09:58:00.000,ams,eham,9,a08,2022-12-18t11:35:00.000,2022-12-18t11:44:00.000,klm,kl,klm,916,kl916,klm916,,,,,9.0
departure,active,sou,eghi,8,5.0,2022-12-18t17:20:00.000,2022-12-18t17:25:00.000,,,,ams,eham,8,a08,2022-12-18t19:35:00.000,,klm,kl,klm,920,kl920,klm920,,,,,
departure,active,sou,eghi,8,27.0,2022-12-19t09:20:00.000,2022-12-19t09:40:00.000,2022-12-19t09:47:00.000,2022-12-19t09:47:00.000,2022-12-19t09:47:00.000,ams,eham,13,a08,2022-12-19t11:35:00.000,2022-12-19t11:35:00.000,klm,kl,klm,916,kl916,klm916,,,,,1.0
departure,active,sou,eghi,,,2022-12-19t17:20:00.000,2022-12-19t17:20:00.000,,,,ams,eham,11,a08,2022-12-19t19:35:00.000,,klm,kl,klm,920,kl920,klm920,,,,,
departure,active,sou,eghi,8,29.0,2022-12-20t09:20:00.000,2022-12-20t09:40:00.000,2022-12-20t09:48:00.000,2022-12-20t09:48:00.000,2022-12-20t09:48:00.000,ams,eham,10,a08,2022-12-20t11:35:00.000,2022-12-20t11:37:00.000,klm,kl,klm,916,kl916,klm916,2,,,,2.0
